table,model,modeled,columns,exact_rows,n_live_tup,seq_scan,idx_scan,scans,writes,total_bytes,runtime_refs,scripts_refs,tests_refs,runtime_delegate_refs,runtime_raw_sql_refs,runtime_supabase_refs,class_runtime
activity_feed_items,ActivityFeedItem,yes,10,7,7,21438,748128,769566,81,98304,4,0,2,4,0,0,runtime_referenced_with_data
address_lookups,AddressLookup,yes,6,4,4,47,12,59,8,98304,3,3,0,3,0,0,runtime_referenced_with_data
addresses,Address,yes,13,35,35,12715,4583,17298,99,147456,16,3,8,16,0,0,runtime_referenced_with_data
admin_mfa,AdminMfa,yes,10,0,0,84,64,148,7,32768,9,0,0,9,0,0,runtime_referenced_empty
agenda_arbitration_compensation_attempts,AgendaArbitrationCompensationAttempt,yes,7,0,0,25,1,26,0,40960,2,0,0,0,2,0,runtime_referenced_empty
agenda_arbitration_decisions,AgendaArbitrationDecision,yes,19,0,0,868,0,868,0,49152,7,0,0,1,6,0,runtime_referenced_empty
agenda_items,AgendaItem,yes,15,119,119,676,487,1163,349,196608,9,0,0,9,0,0,runtime_referenced_with_data
agenda_resource_claims,AgendaResourceClaim,yes,17,0,0,73,994,1067,0,98304,16,0,1,12,4,0,runtime_referenced_empty
analytics_rollups,AnalyticsRollup,yes,10,756,756,354,4577,4931,3802,237568,9,0,3,8,1,0,runtime_referenced_with_data
availability_change_conflicts,AvailabilityChangeConflict,yes,17,0,0,4,0,4,0,40960,11,0,2,11,0,0,runtime_referenced_empty
availability_change_sets,AvailabilityChangeSet,yes,14,0,0,76,8,84,0,40960,12,0,11,12,0,0,runtime_referenced_empty
availability_overrides,AvailabilityOverride,yes,10,31,31,274,790,1064,590,131072,15,0,11,15,0,0,runtime_referenced_with_data
availability_schedules,AvailabilitySchedule,yes,9,137,137,1495,839,2334,461,122880,19,0,18,19,0,0,runtime_referenced_with_data
booking_addons,BookingAddon,yes,10,0,0,39,2686,2725,0,49152,1,0,1,1,0,0,runtime_referenced_empty
booking_change_requests,BookingChangeRequest,yes,18,0,0,1014,2898,3912,0,40960,11,0,0,11,0,0,runtime_referenced_empty
booking_charges,BookingCharge,yes,17,45,45,2206,472,2678,1403,131072,7,0,0,7,0,0,runtime_referenced_with_data
booking_invites,BookingInvite,yes,13,0,0,115,2832,2947,0,65536,16,0,0,16,0,0,runtime_referenced_empty
booking_packages,BookingPackage,yes,8,0,0,44,2688,2732,0,57344,1,0,1,1,0,0,runtime_referenced_empty
booking_participants,BookingParticipant,yes,10,194,196,426,2516,2942,4890,180224,4,0,0,4,0,0,runtime_referenced_with_data
booking_policy_refs,BookingPolicyRef,yes,5,2,2,98,2735,2833,7,81920,3,0,0,3,0,0,runtime_referenced_with_data
booking_split_debts,BookingSplitDebt,yes,10,0,0,34,2617,2651,0,49152,3,0,0,3,0,0,runtime_referenced_empty
booking_split_hold_attempts,BookingSplitHoldAttempt,yes,10,0,0,30,1,31,0,40960,2,0,0,2,0,0,runtime_referenced_empty
booking_split_offsession_attempts,BookingSplitOffsessionAttempt,yes,9,0,0,34,0,34,0,49152,2,0,0,2,0,0,runtime_referenced_empty
booking_split_participants,BookingSplitParticipant,yes,18,0,0,65,28,93,0,90112,20,0,0,20,0,0,runtime_referenced_empty
booking_split_settlement_snapshots,BookingSplitSettlementSnapshot,yes,9,0,0,34,2617,2651,0,49152,3,0,0,3,0,0,runtime_referenced_empty
booking_split_share_attempts,BookingSplitShareAttempt,yes,11,0,0,30,1,31,0,40960,9,0,0,9,0,0,runtime_referenced_empty
booking_splits,BookingSplit,yes,21,0,0,91,3372,3463,0,73728,19,0,0,19,0,0,runtime_referenced_empty
bookings,Booking,yes,28,154,156,7920,56444,64364,7335,278528,92,2,18,92,0,0,runtime_referenced_with_data
chat_access_grants,ChatAccessGrant,yes,27,5,5,51,416,467,12,180224,27,1,0,27,0,0,runtime_referenced_with_data
chat_conversation_attachments,ChatConversationAttachment,yes,12,0,0,51,4666,4717,3,32768,0,2,0,0,0,0,runtime_unreferenced_empty
chat_conversation_members,ChatConversationMember,yes,15,114,114,49297,12066,61363,25419,188416,36,5,0,33,3,0,runtime_referenced_with_data
chat_conversation_messages,ChatConversationMessage,yes,13,67,67,1751,51085,52836,3206,262144,38,4,0,33,5,0,runtime_referenced_with_data
chat_conversations,ChatConversation,yes,18,9,9,10320,40972,51292,555,212992,47,3,0,46,1,0,runtime_referenced_with_data
chat_message_pins,ChatMessagePin,yes,5,0,0,83,4637,4720,2,40960,5,0,0,5,0,0,runtime_referenced_empty
chat_message_reactions,ChatMessageReaction,yes,5,0,0,49,4679,4728,11,32768,8,0,0,8,0,0,runtime_referenced_empty
chat_message_reports,ChatMessageReport,yes,7,0,0,60,1288,1348,11,40960,1,0,0,1,0,0,runtime_referenced_empty
chat_user_blocks,ChatUserBlock,yes,6,0,0,60,74,134,0,40960,7,0,0,7,0,0,runtime_referenced_empty
chat_user_presence,ChatUserPresence,yes,4,2,2,45,2224,2269,36,49152,2,1,0,2,0,0,runtime_referenced_with_data
class_series,ClassSeries,yes,15,0,0,394,443,837,0,57344,6,0,0,6,0,0,runtime_referenced_empty
class_sessions,ClassSession,yes,13,0,0,385,502,887,0,73728,32,0,15,32,0,0,runtime_referenced_empty
crm_campaign_approvals,CrmCampaignApproval,yes,10,0,0,26,234,260,30,32768,4,0,0,4,0,0,runtime_referenced_empty
crm_campaign_deliveries,CrmCampaignDelivery,yes,14,28,28,131,63,194,220,131072,20,0,1,20,0,0,runtime_referenced_with_data
crm_campaigns,CrmCampaign,yes,28,7,7,572,18789,19361,60,81920,28,0,1,28,0,0,runtime_referenced_with_data
crm_contact_consents,CrmContactConsent,yes,12,363,363,106,4853,4959,4634,204800,12,0,0,11,1,0,runtime_referenced_with_data
crm_contact_notes,CrmContactNote,yes,8,59,59,186,111,297,1631,106496,5,0,0,3,2,0,runtime_referenced_with_data
crm_contact_padel,CrmContactPadel,yes,12,103,103,32,1821,1853,1799,114688,6,0,0,6,0,0,runtime_referenced_with_data
crm_contacts,CrmContact,yes,30,158,158,1316,13025,14341,32812,458752,45,0,2,39,6,0,runtime_referenced_with_data
crm_interactions,CrmInteraction,yes,15,525,525,557,424,981,11976,860160,8,2,0,7,1,0,runtime_referenced_with_data
crm_journey_enrollments,CrmJourneyEnrollment,yes,13,0,0,32,22,54,30,40960,0,0,0,0,0,0,runtime_unreferenced_empty
crm_journey_runs,CrmJourneyRun,yes,13,0,0,42,12,54,30,32768,0,0,0,0,0,0,runtime_unreferenced_empty
crm_journey_steps,CrmJourneyStep,yes,10,0,0,31,23,54,25,40960,4,0,0,4,0,0,runtime_referenced_empty
crm_journeys,CrmJourney,yes,12,0,0,20,61,81,10,24576,9,0,0,9,0,0,runtime_referenced_empty
crm_organization_policies,CrmOrganizationPolicy,yes,12,1,1,457,62,519,276,32768,1,0,0,1,0,0,runtime_referenced_with_data
crm_saved_views,CrmSavedView,yes,10,0,0,26,79,105,10,32768,8,0,0,8,0,0,runtime_referenced_empty
crm_segments,CrmSegment,yes,12,7,7,89,92,181,50,65536,8,0,0,8,0,0,runtime_referenced_with_data
cron_heartbeats,CronHeartbeat,yes,12,19,19,501866,132437,634303,318212,98304,2,0,0,2,0,0,runtime_referenced_with_data
cron_job_locks,,no,7,1,1,167246,184705,351951,334627,81920,4,0,0,0,4,0,runtime_referenced_with_data
dsar_cases,DsarCase,yes,11,0,0,30,30,60,0,32768,4,0,0,4,0,0,runtime_referenced_empty
email_identities,EmailIdentity,yes,7,75,75,2426,9917,12343,9385,98304,26,0,5,26,0,0,runtime_referenced_with_data
email_outbox,EmailOutbox,yes,13,0,0,213,3,216,0,49152,10,0,0,10,0,0,runtime_referenced_empty
entitlement_checkins,EntitlementCheckin,yes,16,0,0,244,260,504,1,57344,11,0,0,11,0,0,runtime_referenced_empty
entitlement_qr_tokens,EntitlementQrToken,yes,6,0,0,100,320,420,33,40960,14,0,2,14,0,0,runtime_referenced_empty
entitlements,Entitlement,yes,24,3,3,20368,10027,30395,334,245760,51,3,15,45,6,0,runtime_referenced_with_data
event_access_policies,EventAccessPolicy,yes,18,69,69,178,2867,3045,467,122880,9,0,8,9,0,0,runtime_referenced_with_data
event_favorites,EventFavorite,yes,7,0,1,33,2085,2118,19,81920,2,0,0,2,0,0,runtime_referenced_empty
event_invites,EventInvite,yes,9,0,0,122,3177,3299,9,57344,13,0,3,13,0,0,runtime_referenced_empty
event_logs,EventLog,yes,15,401,401,29323,508362,537685,572,557056,11,2,6,11,0,0,runtime_referenced_with_data
events,Event,yes,24,68,68,42816,151475,194291,2494,270336,199,7,95,192,7,0,runtime_referenced_with_data
follow_requests,follow_requests,yes,5,0,0,113,1143,1256,12,49152,12,0,0,12,0,0,runtime_referenced_empty
follows,follows,yes,5,10100,10100,216,169196,169412,10446,2154496,19,0,0,19,0,0,runtime_referenced_with_data
global_usernames,GlobalUsername,yes,6,130,130,645,43199,43844,13458,180224,6,0,0,6,0,0,runtime_referenced_with_data
group_membership_requests,GroupMembershipRequest,yes,33,0,0,36,563,599,0,49152,20,0,5,20,0,0,runtime_referenced_empty
guest_ticket_access_tokens,GuestTicketAccessToken,yes,9,0,0,33,923,956,0,57344,2,0,0,2,0,0,runtime_referenced_empty
guest_ticket_links,GuestTicketLink,yes,7,0,0,115,4401,4516,62,32768,3,0,0,3,0,0,runtime_referenced_empty
identity_merge_logs,IdentityMergeLog,yes,16,4,4,39,74,113,39,114688,2,0,0,2,0,0,runtime_referenced_with_data
identity_tombstones,IdentityTombstone,yes,9,0,0,29,592,621,0,40960,6,0,0,6,0,0,runtime_referenced_empty
invite_tokens,InviteToken,yes,10,0,0,67,2376,2443,9,65536,4,0,0,4,0,0,runtime_referenced_empty
invoices,Invoice,yes,16,152,152,56,8,64,3620,163840,4,2,1,4,0,0,runtime_referenced_with_data
ledger_entries,LedgerEntry,yes,11,319,319,1412,9175,10587,10315,696320,14,14,2,10,4,0,runtime_referenced_with_data
locks,Lock,yes,3,0,0,68,7,75,0,24576,5,0,0,5,0,0,runtime_referenced_empty
loyalty_ledger,LoyaltyLedger,yes,16,0,0,113,146,259,6,65536,9,0,1,5,4,0,runtime_referenced_empty
loyalty_programs,LoyaltyProgram,yes,10,0,0,132,354,486,5,32768,9,0,0,9,0,0,runtime_referenced_empty
loyalty_rewards,LoyaltyReward,yes,11,0,0,59,10,69,15,32768,5,0,0,5,0,0,runtime_referenced_empty
loyalty_rules,LoyaltyRule,yes,12,0,0,59,17,76,15,32768,3,0,0,3,0,0,runtime_referenced_empty
match_notifications,MatchNotification,yes,6,0,0,91,4,95,0,40960,1,0,0,1,0,0,runtime_referenced_empty
media_assets,MediaAsset,yes,16,13,13,30,10,40,26,81920,11,3,0,11,0,0,runtime_referenced_with_data
notification_mutes,NotificationMute,yes,6,0,0,4135,5224,9359,1,73728,4,0,0,4,0,0,runtime_referenced_empty
notification_outbox,NotificationOutbox,yes,13,146,146,336364,629695,966059,772,221184,10,2,18,9,1,0,runtime_referenced_with_data
notification_preferences,NotificationPreference,yes,14,85,89,13959,39967,53926,289,49152,9,0,0,9,0,0,runtime_referenced_with_data
notifications,Notification,yes,20,146,146,2522,49587,52109,520,327680,17,0,1,17,0,0,runtime_referenced_with_data
operations,Operation,yes,23,420,420,330364,1500397,1830761,3941,458752,27,0,9,22,5,0,runtime_referenced_with_data
organization_audit_logs,OrganizationAuditLog,yes,15,43,43,1236,1114,2350,190,163840,6,0,3,4,2,0,runtime_referenced_with_data
organization_follows,organization_follows,yes,5,1023,1023,446,34001,34447,1137,303104,15,0,0,15,0,0,runtime_referenced_with_data
organization_form_fields,OrganizationFormField,yes,12,77,77,83,137,220,404,114688,3,0,0,3,0,0,runtime_referenced_with_data
organization_form_submissions,OrganizationFormSubmission,yes,9,0,0,126,788,914,0,40960,14,0,0,14,0,0,runtime_referenced_empty
organization_forms,OrganizationForm,yes,12,14,14,205,3434,3639,79,65536,14,0,0,14,0,0,runtime_referenced_with_data
organization_group_members,OrganizationGroupMember,yes,11,193,193,23408,36902,60310,758,147456,27,1,12,27,0,0,runtime_referenced_with_data
organization_group_owner_transfers,OrganizationGroupOwnerTransfer,yes,11,0,0,519,53,572,0,49152,9,0,4,9,0,0,runtime_referenced_empty
organization_groups,OrganizationGroup,yes,6,14,14,8917,4576,13493,132,65536,20,0,11,20,0,0,runtime_referenced_with_data
organization_member_invites,OrganizationMemberInvite,yes,15,2,2,195,429,624,8,114688,18,0,0,18,0,0,runtime_referenced_with_data
organization_member_overrides,OrganizationGroupMemberOrganizationOverride,yes,8,0,0,54,56388,56442,0,40960,17,1,8,17,0,0,runtime_referenced_empty
organization_member_permissions,OrganizationMemberPermission,yes,10,0,0,459,21949,22408,284,49152,1,0,6,1,0,0,runtime_referenced_empty
organization_modules,OrganizationModuleEntry,yes,4,212,212,105976,23464,129440,1590,81920,18,1,14,18,0,0,runtime_referenced_with_data
organization_official_email_requests,OrganizationOfficialEmailRequest,yes,11,0,0,96,4112,4208,14,40960,11,0,10,11,0,0,runtime_referenced_empty
organization_owner_transfers,OrganizationOwnerTransfer,yes,11,0,0,121,5,126,0,65536,2,0,0,2,0,0,runtime_referenced_empty
organization_policies,OrganizationPolicy,yes,14,18,18,793,676,1469,242,114688,17,0,0,17,0,0,runtime_referenced_with_data
organization_settings,OrganizationSettings,yes,16,8,8,40,1432,1472,19,49152,15,0,13,15,0,0,runtime_referenced_with_data
organization_step_up_challenges,OrganizationStepUpChallenge,yes,14,0,0,34,0,34,0,49152,6,0,0,6,0,0,runtime_referenced_empty
organizations,Organization,yes,51,20,20,153587,430431,584018,673,131072,121,3,54,119,2,0,runtime_referenced_with_data
outbox_events,OutboxEvent,yes,19,414,414,95439,608264,703703,3231,507904,29,3,19,26,3,0,runtime_referenced_with_data
padel_availabilities,CalendarAvailability,yes,12,0,0,124,1095,1219,0,49152,13,0,6,13,0,0,runtime_referenced_empty
padel_categories,PadelCategory,yes,13,48,51,31176,16870,48046,359,49152,23,0,24,23,0,0,runtime_referenced_with_data
padel_club_courts,PadelClubCourt,yes,12,48,48,7400,1064,8464,790,106496,44,0,9,44,0,0,runtime_referenced_with_data
padel_club_staff,PadelClubStaff,yes,10,48,48,359,1100,1459,884,131072,19,0,4,14,5,0,runtime_referenced_with_data
padel_club_staff_invites,PadelClubStaffInvite,yes,16,0,0,47,341,388,0,65536,14,0,0,14,0,0,runtime_referenced_empty
padel_clubs,PadelClub,yes,17,12,12,6871,5859,12730,174,114688,36,1,12,36,0,0,runtime_referenced_with_data
padel_community_comments,PadelCommunityComment,yes,7,0,0,24,1,25,0,32768,2,0,0,0,2,0,runtime_referenced_empty
padel_community_posts,PadelCommunityPost,yes,12,0,0,25,138,163,0,32768,4,0,0,0,4,0,runtime_referenced_empty
padel_community_reactions,PadelCommunityReaction,yes,6,0,0,29,1,30,0,40960,2,0,0,0,2,0,runtime_referenced_empty
padel_court_blocks,CalendarBlock,yes,13,0,0,141,1386,1527,0,57344,26,0,7,26,0,0,runtime_referenced_empty
padel_event_category_links,PadelEventCategoryLink,yes,13,20,20,4120,17634,21754,956,131072,27,0,13,27,0,0,runtime_referenced_with_data
padel_match_participants,PadelMatchParticipant,yes,7,436,436,677,31769,32446,18860,327680,12,0,0,12,0,0,runtime_referenced_with_data
padel_match_result_cards,PadelMatchResultCard,yes,15,0,0,39,2223,2262,0,57344,7,0,1,7,0,0,runtime_referenced_empty
padel_match_result_signatures,PadelMatchResultSignature,yes,6,0,0,34,0,34,0,49152,3,0,0,3,0,0,runtime_referenced_empty
padel_matches,EventMatchSlot,yes,28,109,109,18790,33568,52358,6878,172032,104,0,51,99,5,0,runtime_referenced_with_data
padel_pairing_holds,PadelPairingHold,yes,9,1,1,2944,2486,5430,59,98304,12,0,2,12,0,0,runtime_referenced_with_data
padel_pairing_slots,PadelPairingSlot,yes,13,502,504,995,10567,11562,21580,335872,26,0,11,26,0,0,runtime_referenced_with_data
padel_pairings,PadelPairing,yes,29,251,251,22065,29734,51799,10833,212992,109,0,25,109,0,0,runtime_referenced_with_data
padel_partner_court_snapshots,PadelPartnerCourtSnapshot,yes,16,0,0,43,398,441,0,57344,5,0,0,5,0,0,runtime_referenced_empty
padel_partner_role_grants,PadelPartnerRoleGrant,yes,17,0,0,42,2024,2066,0,57344,11,0,0,11,0,0,runtime_referenced_empty
padel_partnership_agreements,PadelPartnershipAgreement,yes,17,0,0,81,323,404,0,49152,20,0,1,20,0,0,runtime_referenced_empty
padel_partnership_booking_policies,PadelPartnershipBookingPolicy,yes,11,0,0,25,0,25,0,32768,4,0,0,4,0,0,runtime_referenced_empty
padel_partnership_compensation_cases,PadelPartnershipCompensationCase,yes,17,0,0,44,1057,1101,0,65536,8,0,1,8,0,0,runtime_referenced_empty
padel_partnership_overrides,PadelPartnershipOverride,yes,19,0,0,353,1060,1413,0,49152,10,0,1,10,0,0,runtime_referenced_empty
padel_partnership_tournament_requests,PadelPartnershipTournamentRequest,yes,19,0,0,9,0,9,0,73728,0,0,0,0,0,0,runtime_unreferenced_empty
padel_partnership_windows,PadelPartnershipWindow,yes,16,0,0,32,355,387,0,40960,13,0,1,13,0,0,runtime_referenced_empty
padel_player_history_projection,PadelPlayerHistoryProjection,yes,13,0,0,34,1117,1151,0,49152,5,0,6,5,0,0,runtime_referenced_empty
padel_player_profiles,PadelPlayerProfile,yes,18,695,695,1412,47588,49000,6284,352256,36,0,17,36,0,0,runtime_referenced_with_data
padel_ranking_entries,PadelRankingEntry,yes,11,80,80,1438,3,1441,3922,65536,8,0,7,8,0,0,runtime_referenced_with_data
padel_rating_events,PadelRatingEvent,yes,24,256,256,98,3234,3332,27126,327680,9,0,10,9,0,0,runtime_referenced_with_data
padel_rating_profiles,PadelRatingProfile,yes,19,103,103,822,2390,3212,2242,147456,23,0,7,23,0,0,runtime_referenced_with_data
padel_rating_sanctions,PadelRatingSanction,yes,16,0,0,34,68,102,0,49152,8,0,7,8,0,0,runtime_referenced_empty
padel_registration_lines,PadelRegistrationLine,yes,8,0,0,41,7,48,4,65536,7,0,0,7,0,0,runtime_referenced_empty
padel_registrations,PadelRegistration,yes,10,0,0,837,12713,13550,12,98304,28,0,3,28,0,0,runtime_referenced_empty
padel_rounds,PadelRound,yes,17,20,20,3046,296,3342,834,114688,2,0,0,2,0,0,runtime_referenced_with_data
padel_rule_set_versions,PadelRuleSetVersion,yes,13,0,0,36,408,444,0,40960,3,0,0,3,0,0,runtime_referenced_empty
padel_rule_sets,PadelRuleSet,yes,11,0,0,254,104,358,0,24576,5,0,0,5,0,0,runtime_referenced_empty
padel_schedule_run_decisions,PadelScheduleRunDecision,yes,14,0,0,5,144,149,0,49152,3,0,3,3,0,0,runtime_referenced_empty
padel_schedule_runs,PadelScheduleRun,yes,27,0,0,6,144,150,0,57344,11,0,11,11,0,0,runtime_referenced_empty
padel_team_entries,PadelTeamEntry,yes,8,2,2,29,927,956,2,81920,4,0,0,4,0,0,runtime_referenced_with_data
padel_team_member_invites,PadelTeamMemberInvite,yes,15,0,0,45,296,341,0,65536,14,0,0,14,0,0,runtime_referenced_empty
padel_team_members,PadelTeamMember,yes,9,2,2,29,5,34,2,81920,3,0,0,3,0,0,runtime_referenced_with_data
padel_teams,PadelTeam,yes,10,2,2,24,256,280,2,65536,7,0,8,7,0,0,runtime_referenced_with_data
padel_tournament_configs,PadelTournamentConfig,yes,29,22,22,5738,23288,29026,1275,81920,50,0,33,50,0,0,runtime_referenced_with_data
padel_tournament_participants,PadelTournamentParticipant,yes,11,452,452,2506,28317,30823,19196,327680,19,0,5,19,0,0,runtime_referenced_with_data
padel_tournament_roles,PadelTournamentRoleAssignment,yes,8,2,2,20,937,957,2,98304,10,1,8,10,0,0,runtime_referenced_with_data
padel_tournament_tier_approvals,PadelTournamentTierApproval,yes,14,0,0,29,923,952,0,40960,1,0,3,1,0,0,runtime_referenced_empty
padel_waitlist_entries,PadelWaitlistEntry,yes,13,0,0,5334,1260,6594,0,49152,11,0,5,11,0,0,runtime_referenced_empty
payment_events,PaymentEvent,yes,19,20,20,811853,753682,1565535,216,131072,37,8,6,37,0,0,runtime_referenced_with_data
payment_snapshots,PaymentSnapshot,yes,14,167,167,1412,9265,10677,4751,344064,8,11,1,8,0,0,runtime_referenced_with_data
payments,Payment,yes,15,174,174,369951,103916,473867,8803,565248,61,9,11,59,2,0,runtime_referenced_with_data
payouts,Payout,yes,17,13,13,92,4,96,179,81920,1,0,1,1,0,0,runtime_referenced_with_data
platform_settings,PlatformSetting,yes,6,0,0,80,58621,58701,21,32768,5,0,0,5,0,0,runtime_referenced_empty
profiles,Profile,yes,30,124,124,66761,286082,352843,7852,147456,242,0,38,237,1,4,runtime_referenced_with_data
promo_codes,PromoCode,yes,18,4,4,2562,2651,5213,245,180224,19,0,0,19,0,0,runtime_referenced_with_data
promo_redemptions,PromoRedemption,yes,7,18,18,287,2059,2346,1321,188416,12,0,0,12,0,0,runtime_referenced_with_data
public_api_keys,PublicApiKey,yes,9,0,0,44,7,51,0,40960,5,0,0,5,0,0,runtime_referenced_empty
push_device_tokens,PushDeviceToken,yes,7,0,0,47,229,276,0,40960,2,0,2,2,0,0,runtime_referenced_empty
refund_policy_versions,RefundPolicyVersion,yes,10,0,0,14,921,935,0,32768,0,1,0,0,0,0,runtime_unreferenced_empty
refunds,Refund,yes,15,10,10,2958,378,3336,296,131072,9,1,4,9,0,0,runtime_referenced_with_data
reservation_professionals,ReservationProfessional,yes,10,39,39,3631,3945,7576,754,147456,55,0,7,55,0,0,runtime_referenced_with_data
reservation_resources,ReservationResource,yes,10,43,43,3837,3393,7230,1020,147456,48,0,12,48,0,0,runtime_referenced_with_data
sale_lines,SaleLine,yes,18,142,142,280,6822,7102,9624,212992,10,2,0,10,0,0,runtime_referenced_with_data
sale_summaries,SaleSummary,yes,26,142,142,1050,17461,18511,9575,376832,47,4,5,47,0,0,runtime_referenced_with_data
schedule_delays,ScheduleDelay,yes,11,3,3,67,483,550,3,98304,4,0,0,4,0,0,runtime_referenced_with_data
search_index_items,SearchIndexItem,yes,23,46,46,779,4156,4935,281,155648,11,1,0,11,0,0,runtime_referenced_with_data
service_addons,ServiceAddon,yes,13,12,12,65,242,307,78,114688,7,0,0,7,0,0,runtime_referenced_with_data
service_credit_balances,ServiceCreditBalance,yes,9,0,0,100,4904,5004,0,49152,8,0,0,8,0,0,runtime_referenced_empty
service_credit_ledger,ServiceCreditLedger,yes,11,0,0,100,2775,2875,0,49152,3,0,0,3,0,0,runtime_referenced_empty
service_duration_prices,ServiceDurationPrice,yes,8,18,18,33,203,236,90,81920,8,0,2,8,0,0,runtime_referenced_with_data
service_packages,ServicePackage,yes,12,12,12,66,242,308,78,114688,8,0,0,8,0,0,runtime_referenced_with_data
service_packs,ServicePack,yes,10,12,12,108,2931,3039,78,81920,6,0,0,6,0,0,runtime_referenced_with_data
service_professionals,ServiceProfessionalLink,yes,5,53,53,1118,4217,5335,1124,114688,3,0,0,3,0,0,runtime_referenced_with_data
service_resources,ServiceResourceLink,yes,5,78,78,1076,4334,5410,1201,114688,3,0,0,3,0,0,runtime_referenced_with_data
service_reviews,ServiceReview,yes,11,0,0,113,5831,5944,0,57344,2,0,0,2,0,0,runtime_referenced_empty
services,Service,yes,23,23,23,7754,5245,12999,319,180224,35,1,7,35,0,0,runtime_referenced_with_data
soft_blocks,SoftBlock,yes,10,0,0,52,8,60,0,49152,19,0,8,19,0,0,runtime_referenced_empty
store_bundle_items,StoreBundleItem,yes,6,0,0,84,657,741,2,49152,7,2,0,7,0,0,runtime_referenced_empty
store_bundles,StoreBundle,yes,12,0,0,74,648,722,1,40960,17,2,0,17,0,0,runtime_referenced_empty
store_cart_items,StoreCartItem,yes,12,0,0,230,460,690,46,131072,9,2,0,9,0,0,runtime_referenced_empty
store_carts,StoreCart,yes,9,0,0,85,483,568,27,98304,20,2,0,20,0,0,runtime_referenced_empty
store_categories,StoreCategory,yes,11,8,8,201,1260,1461,136,114688,10,2,0,10,0,0,runtime_referenced_with_data
store_digital_assets,StoreDigitalAsset,yes,10,0,0,60,98,158,0,32768,10,2,0,10,0,0,runtime_referenced_empty
store_digital_grants,StoreDigitalGrant,yes,8,0,0,84,407,491,0,49152,8,2,0,8,0,0,runtime_referenced_empty
store_inventory_movements,StoreInventoryMovement,yes,8,3,3,226,0,226,173,114688,2,2,0,2,0,0,runtime_referenced_with_data
store_order_addresses,StoreOrderAddress,yes,8,40,40,172,272,444,1353,106496,0,2,0,0,0,0,runtime_unreferenced_with_data
store_order_bundle_items,StoreOrderBundleItem,yes,9,0,0,60,151,211,0,49152,0,2,0,0,0,0,runtime_unreferenced_empty
store_order_bundles,StoreOrderBundle,yes,11,0,0,54,340,394,0,40960,1,2,0,1,0,0,runtime_referenced_empty
store_order_lines,StoreOrderLine,yes,15,20,20,563,128,691,1118,155648,2,2,0,2,0,0,runtime_referenced_with_data
store_orders,StoreOrder,yes,24,20,20,1354,691,2045,732,212992,32,3,5,32,0,0,runtime_referenced_with_data
store_product_images,StoreProductImage,yes,8,15,15,203,1576,1779,241,98304,8,2,0,8,0,0,runtime_referenced_with_data
store_product_option_values,StoreProductOptionValue,yes,8,0,0,73,1,74,0,40960,11,2,2,11,0,0,runtime_referenced_empty
store_product_options,StoreProductOption,yes,13,0,0,60,247,307,0,32768,15,2,2,15,0,0,runtime_referenced_empty
store_product_variants,StoreProductVariant,yes,11,3,3,387,386,773,131,114688,12,2,0,12,0,0,runtime_referenced_with_data
store_products,StoreProduct,yes,19,15,15,903,2187,3090,278,147456,48,2,2,48,0,0,runtime_referenced_with_data
store_shipments,StoreShipment,yes,11,3,3,313,116,429,136,98304,5,2,0,5,0,0,runtime_referenced_with_data
store_shipping_methods,StoreShippingMethod,yes,13,1,1,61,495,556,43,65536,13,2,0,13,0,0,runtime_referenced_with_data
store_shipping_tiers,StoreShippingTier,yes,7,0,0,61,34,95,0,32768,9,2,0,9,0,0,runtime_referenced_empty
store_shipping_zones,StoreShippingZone,yes,8,1,1,61,589,650,44,65536,13,2,0,13,0,0,runtime_referenced_with_data
stores,Store,yes,11,9,9,558,3435,3993,93,65536,57,2,14,57,0,0,runtime_referenced_with_data
support_ticket_events,SupportTicketEvent,yes,8,0,0,24,1,25,0,32768,3,0,0,3,0,0,runtime_referenced_empty
support_tickets,SupportTicket,yes,13,0,0,35,0,35,0,49152,8,0,0,8,0,0,runtime_referenced_empty
ticket_order_lines,TicketOrderLine,yes,7,0,0,47,1404,1451,0,40960,0,0,0,0,0,0,runtime_unreferenced_empty
ticket_orders,TicketOrder,yes,9,0,0,47,981,1028,0,40960,4,0,0,4,0,0,runtime_referenced_empty
ticket_resales,TicketResale,yes,9,0,0,100,4847,4947,0,40960,10,0,0,10,0,0,runtime_referenced_empty
ticket_reservations,TicketReservation,yes,10,0,0,148,43125,43273,0,49152,6,0,0,5,1,0,runtime_referenced_empty
ticket_types,TicketType,yes,18,96,96,11168,30800,41968,4493,131072,16,0,3,15,1,0,runtime_referenced_with_data
tickets,Ticket,yes,19,136,137,4405,28146,32551,8938,532480,45,0,7,44,1,0,runtime_referenced_with_data
tournament_audit_logs,TournamentAuditLog,yes,8,0,0,100,29,129,0,40960,1,0,0,1,0,0,runtime_referenced_empty
tournament_entries,TournamentEntry,yes,14,9744,9744,133,30769,30902,9807,3137536,8,0,0,8,0,0,runtime_referenced_with_data
tournament_groups,TournamentGroup,yes,7,40,40,361,123,484,1620,81920,3,0,0,3,0,0,runtime_referenced_with_data
tournament_matches,TournamentMatch,yes,16,0,0,101,1187,1288,0,40960,14,0,0,14,0,0,runtime_referenced_empty
tournament_stages,TournamentStage,yes,8,20,20,1231,96,1327,810,81920,8,0,0,8,0,0,runtime_referenced_with_data
tournaments,Tournament,yes,12,25,25,2040,1362,3402,849,98304,15,0,11,15,0,0,runtime_referenced_with_data
trainer_profiles,TrainerProfile,yes,19,6,6,283,650,933,14,147456,9,0,0,9,0,0,runtime_referenced_with_data
user_activities,UserActivity,yes,7,2,2,99,30,129,3,81920,1,0,0,1,0,0,runtime_referenced_with_data
user_close_friends,UserCloseFriend,yes,7,0,0,24,2,26,0,32768,3,0,0,3,0,0,runtime_referenced_empty
user_consents,UserConsent,yes,12,14,14,73,1137,1210,20,81920,9,0,0,7,2,0,runtime_referenced_with_data
user_event_signals,UserEventSignal,yes,9,0,0,610,2204,2814,1773,155648,6,0,0,6,0,0,runtime_referenced_empty
user_identities,UserIdentity,yes,7,1,1,47,30,77,1,81920,4,0,0,4,0,0,runtime_referenced_with_data
weekly_availability_templates,WeeklyAvailabilityTemplate,yes,7,835,835,244,4367,4611,2623,319488,18,0,12,18,0,0,runtime_referenced_with_data
