direction,schema,model_or_table,mapped_name,status,db_columns,prisma_fields,notes
model_to_table,app_v3,Profile,profiles,present,30,121,
model_to_table,app_v3,UserIdentity,user_identities,present,7,8,
model_to_table,app_v3,PushDeviceToken,push_device_tokens,present,7,8,
model_to_table,app_v3,Organization,organizations,present,51,144,
model_to_table,app_v3,OrganizationSettings,organization_settings,present,13,14,
model_to_table,app_v3,OrganizationGroup,organization_groups,present,5,10,
model_to_table,app_v3,OrganizationGroupMember,organization_group_members,present,10,13,
model_to_table,app_v3,OrganizationGroupMemberOrganizationOverride,organization_member_overrides,present,8,10,
model_to_table,app_v3,AdminMfa,admin_mfa,present,10,11,
model_to_table,app_v3,Store,stores,present,11,18,
model_to_table,app_v3,StoreCategory,store_categories,present,11,13,
model_to_table,app_v3,StoreProduct,store_products,present,19,30,
model_to_table,app_v3,StoreProductVariant,store_product_variants,present,11,17,
model_to_table,app_v3,StoreProductImage,store_product_images,present,8,9,
model_to_table,app_v3,StoreProductOption,store_product_options,present,13,15,
model_to_table,app_v3,StoreProductOptionValue,store_product_option_values,present,8,9,
model_to_table,app_v3,StoreDigitalAsset,store_digital_assets,present,10,11,
model_to_table,app_v3,StoreDigitalGrant,store_digital_grants,present,8,10,
model_to_table,app_v3,StoreBundle,store_bundles,present,12,16,
model_to_table,app_v3,StoreBundleItem,store_bundle_items,present,6,9,
model_to_table,app_v3,StoreCart,store_carts,present,9,12,
model_to_table,app_v3,StoreCartItem,store_cart_items,present,12,16,
model_to_table,app_v3,StoreOrder,store_orders,present,24,32,
model_to_table,app_v3,StoreOrderLine,store_order_lines,present,15,21,
model_to_table,app_v3,StoreOrderBundle,store_order_bundles,present,11,15,
model_to_table,app_v3,StoreOrderBundleItem,store_order_bundle_items,present,9,12,
model_to_table,app_v3,StoreOrderAddress,store_order_addresses,present,8,10,
model_to_table,app_v3,StoreShipment,store_shipments,present,11,12,
model_to_table,app_v3,StoreShippingZone,store_shipping_zones,present,8,11,
model_to_table,app_v3,StoreShippingMethod,store_shipping_methods,present,13,16,
model_to_table,app_v3,StoreShippingTier,store_shipping_tiers,present,7,8,
model_to_table,app_v3,StoreInventoryMovement,store_inventory_movements,present,8,10,
model_to_table,app_v3,OrganizationForm,organization_forms,present,12,15,
model_to_table,app_v3,OrganizationFormField,organization_form_fields,present,12,13,
model_to_table,app_v3,OrganizationFormSubmission,organization_form_submissions,present,9,11,
model_to_table,app_v3,OrganizationModuleEntry,organization_modules,present,4,5,
model_to_table,app_v3,OrganizationOfficialEmailRequest,organization_official_email_requests,present,11,12,
model_to_table,app_v3,OrganizationStepUpChallenge,organization_step_up_challenges,present,14,15,
model_to_table,app_v3,GlobalUsername,global_usernames,present,6,6,
model_to_table,app_v3,Notification,notifications,present,20,27,
model_to_table,app_v3,Lock,locks,present,3,3,
model_to_table,app_v3,NotificationPreference,notification_preferences,present,14,15,
model_to_table,app_v3,NotificationMute,notification_mutes,present,6,9,
model_to_table,app_v3,NotificationOutbox,notification_outbox,present,13,14,
model_to_table,app_v3,ChatConversation,chat_conversations,present,18,23,
model_to_table,app_v3,ChatConversationMember,chat_conversation_members,present,15,18,
model_to_table,app_v3,ChatConversationMessage,chat_conversation_messages,present,13,23,
model_to_table,app_v3,ChatConversationAttachment,chat_conversation_attachments,present,12,13,
model_to_table,app_v3,ChatMessageReaction,chat_message_reactions,present,5,7,
model_to_table,app_v3,ChatMessagePin,chat_message_pins,present,5,7,
model_to_table,app_v3,ChatUserPresence,chat_user_presence,present,4,5,
model_to_table,app_v3,ChatMessageReport,chat_message_reports,present,7,9,
model_to_table,app_v3,ChatUserBlock,chat_user_blocks,present,6,8,
model_to_table,app_v3,ChatAccessGrant,chat_access_grants,present,27,27,
model_to_table,app_v3,MatchNotification,match_notifications,present,6,6,
model_to_table,app_v3,EmailIdentity,email_identities,present,7,12,
model_to_table,app_v3,IdentityMergeLog,identity_merge_logs,present,16,19,
model_to_table,app_v3,IdentityTombstone,identity_tombstones,present,9,12,
model_to_table,app_v3,EmailOutbox,email_outbox,present,13,13,
model_to_table,app_v3,OrganizationMemberPermission,organization_member_permissions,present,10,12,
model_to_table,app_v3,OrganizationMemberInvite,organization_member_invites,present,15,19,
model_to_table,app_v3,OrganizationAuditLog,organization_audit_logs,present,15,16,
model_to_table,app_v3,PublicApiKey,public_api_keys,present,9,10,
model_to_table,app_v3,OrganizationOwnerTransfer,organization_owner_transfers,present,11,12,
model_to_table,app_v3,GroupMembershipRequest,group_membership_requests,present,33,38,
model_to_table,app_v3,OrganizationGroupOwnerTransfer,organization_group_owner_transfers,present,11,14,
model_to_table,app_v3,SupportTicket,support_tickets,present,13,15,
model_to_table,app_v3,SupportTicketEvent,support_ticket_events,present,8,10,
model_to_table,app_v3,Event,events,present,24,59,
model_to_table,app_v3,EventFavorite,event_favorites,present,7,9,
model_to_table,app_v3,EventAccessPolicy,event_access_policies,present,18,19,
model_to_table,app_v3,EventInvite,event_invites,present,9,12,
model_to_table,app_v3,InviteToken,invite_tokens,present,10,12,
model_to_table,app_v3,TicketType,ticket_types,present,16,23,
model_to_table,app_v3,Ticket,tickets,present,19,26,
model_to_table,app_v3,GuestTicketLink,guest_ticket_links,present,7,8,
model_to_table,app_v3,GuestTicketAccessToken,guest_ticket_access_tokens,present,9,10,
model_to_table,app_v3,TicketReservation,ticket_reservations,present,10,12,
model_to_table,app_v3,TicketOrder,ticket_orders,present,9,11,
model_to_table,app_v3,TicketOrderLine,ticket_order_lines,present,7,9,
model_to_table,app_v3,TicketResale,ticket_resales,present,9,10,
model_to_table,app_v3,Payment,payments,present,15,17,
model_to_table,app_v3,LedgerEntry,ledger_entries,present,11,12,
model_to_table,app_v3,PaymentSnapshot,payment_snapshots,present,14,14,
model_to_table,app_v3,PaymentEvent,payment_events,present,19,19,
model_to_table,app_v3,SaleSummary,sale_summaries,present,26,30,
model_to_table,app_v3,SaleLine,sale_lines,present,18,24,
model_to_table,app_v3,Operation,operations,present,23,23,
model_to_table,app_v3,OutboxEvent,outbox_events,present,19,19,
model_to_table,app_v3,CronHeartbeat,cron_heartbeats,present,12,12,
model_to_table,app_v3,EventLog,event_logs,present,15,17,
model_to_table,app_v3,ActivityFeedItem,activity_feed_items,present,10,12,
model_to_table,app_v3,MediaAsset,media_assets,present,16,17,
model_to_table,app_v3,SoftBlock,soft_blocks,present,10,11,
model_to_table,app_v3,AgendaItem,agenda_items,present,15,18,
model_to_table,app_v3,SearchIndexItem,search_index_items,present,23,25,
model_to_table,app_v3,PlatformSetting,platform_settings,present,6,6,
model_to_table,app_v3,PromoCode,promo_codes,present,18,24,
model_to_table,app_v3,PromoRedemption,promo_redemptions,present,7,8,
model_to_table,app_v3,Refund,refunds,present,15,15,
model_to_table,app_v3,Address,addresses,present,13,21,
model_to_table,app_v3,AddressLookup,address_lookups,present,6,7,
model_to_table,app_v3,RefundPolicyVersion,refund_policy_versions,blocked_missing,0,12,blocked_by_instruction_do_not_touch
model_to_table,app_v3,PadelPlayerProfile,padel_player_profiles,present,18,31,
model_to_table,app_v3,PadelClub,padel_clubs,present,17,27,
model_to_table,app_v3,PadelClubCourt,padel_club_courts,present,12,22,
model_to_table,app_v3,PadelClubStaff,padel_club_staff,present,10,12,
model_to_table,app_v3,PadelClubStaffInvite,padel_club_staff_invites,present,16,20,
model_to_table,app_v3,PadelCategory,padel_categories,present,13,25,
model_to_table,app_v3,PadelEventCategoryLink,padel_event_category_links,present,13,16,
model_to_table,app_v3,PadelRuleSet,padel_rule_sets,present,11,15,
model_to_table,app_v3,PadelRuleSetVersion,padel_rule_set_versions,present,13,16,
model_to_table,app_v3,PadelTournamentConfig,padel_tournament_configs,present,29,36,
model_to_table,app_v3,PadelTournamentRoleAssignment,padel_tournament_roles,blocked_missing,0,11,blocked_by_instruction_do_not_touch
model_to_table,app_v3,PadelTeam,padel_teams,present,10,16,
model_to_table,app_v3,PadelTeamMember,padel_team_members,present,9,11,
model_to_table,app_v3,PadelTeamMemberInvite,padel_team_member_invites,present,15,19,
model_to_table,app_v3,PadelTeamEntry,padel_team_entries,present,8,11,
model_to_table,app_v3,PadelCommunityPost,padel_community_posts,present,12,17,
model_to_table,app_v3,PadelCommunityReaction,padel_community_reactions,present,6,8,
model_to_table,app_v3,PadelCommunityComment,padel_community_comments,present,7,9,
model_to_table,app_v3,CalendarBlock,padel_court_blocks,present,13,17,
model_to_table,app_v3,CalendarAvailability,padel_availabilities,present,12,15,
model_to_table,app_v3,PadelPairing,padel_pairings,present,29,43,
model_to_table,app_v3,PadelPairingHold,padel_pairing_holds,present,9,10,
model_to_table,app_v3,PadelRegistration,padel_registrations,present,10,13,
model_to_table,app_v3,PadelRegistrationLine,padel_registration_lines,present,8,11,
model_to_table,app_v3,PadelWaitlistEntry,padel_waitlist_entries,present,13,18,
model_to_table,app_v3,TournamentEntry,tournament_entries,present,14,18,
model_to_table,app_v3,PadelPairingSlot,padel_pairing_slots,present,13,18,
model_to_table,app_v3,EventMatchSlot,padel_matches,present,28,38,
model_to_table,app_v3,PadelMatchResultCard,padel_match_result_cards,present,15,17,
model_to_table,app_v3,PadelMatchResultSignature,padel_match_result_signatures,present,6,7,
model_to_table,app_v3,PadelTournamentParticipant,padel_tournament_participants,present,11,18,
model_to_table,app_v3,PadelRound,padel_rounds,present,17,21,
model_to_table,app_v3,PadelMatchParticipant,padel_match_participants,present,7,9,
model_to_table,app_v3,PadelRankingEntry,padel_ranking_entries,present,11,14,
model_to_table,app_v3,PadelPlayerHistoryProjection,padel_player_history_projection,present,13,18,
model_to_table,app_v3,PadelPartnershipAgreement,padel_partnership_agreements,present,17,17,
model_to_table,app_v3,PadelPartnershipWindow,padel_partnership_windows,present,16,16,
model_to_table,app_v3,PadelPartnershipBookingPolicy,padel_partnership_booking_policies,present,11,11,
model_to_table,app_v3,PadelPartnerRoleGrant,padel_partner_role_grants,present,17,17,
model_to_table,app_v3,PadelPartnerCourtSnapshot,padel_partner_court_snapshots,present,16,16,
model_to_table,app_v3,PadelPartnershipOverride,padel_partnership_overrides,present,19,19,
model_to_table,app_v3,PadelPartnershipCompensationCase,padel_partnership_compensation_cases,present,17,17,
model_to_table,app_v3,AgendaResourceClaim,agenda_resource_claims,present,17,17,
model_to_table,app_v3,AgendaArbitrationDecision,agenda_arbitration_decisions,present,19,20,
model_to_table,app_v3,AgendaArbitrationCompensationAttempt,agenda_arbitration_compensation_attempts,present,7,8,
model_to_table,app_v3,PadelRatingProfile,padel_rating_profiles,present,19,21,
model_to_table,app_v3,PadelRatingEvent,padel_rating_events,present,24,26,
model_to_table,app_v3,PadelRatingSanction,padel_rating_sanctions,present,16,18,
model_to_table,app_v3,PadelTournamentTierApproval,padel_tournament_tier_approvals,present,14,16,
model_to_table,app_v3,Tournament,tournaments,present,12,16,
model_to_table,app_v3,TournamentStage,tournament_stages,present,8,11,
model_to_table,app_v3,TournamentGroup,tournament_groups,present,7,9,
model_to_table,app_v3,TournamentMatch,tournament_matches,present,16,18,
model_to_table,app_v3,TournamentAuditLog,tournament_audit_logs,present,8,10,
model_to_table,app_v3,follows,follows,present,5,7,
model_to_table,app_v3,UserCloseFriend,user_close_friends,present,7,9,
model_to_table,app_v3,follow_requests,follow_requests,present,5,7,
model_to_table,app_v3,organization_follows,organization_follows,present,5,7,
model_to_table,auth,users,users,present,35,4,
model_to_table,app_v3,Entitlement,entitlements,present,24,30,
model_to_table,app_v3,EntitlementCheckin,entitlement_checkins,present,16,17,
model_to_table,app_v3,EntitlementQrToken,entitlement_qr_tokens,present,6,7,
model_to_table,app_v3,UserActivity,user_activities,present,7,8,
model_to_table,app_v3,UserEventSignal,user_event_signals,present,9,12,
model_to_table,app_v3,OrganizationPolicy,organization_policies,present,14,17,
model_to_table,app_v3,ReservationProfessional,reservation_professionals,present,10,17,
model_to_table,app_v3,ReservationResource,reservation_resources,present,10,15,
model_to_table,app_v3,Service,services,present,19,35,
model_to_table,app_v3,ServicePack,service_packs,present,10,11,
model_to_table,app_v3,ServicePackage,service_packages,present,12,14,
model_to_table,app_v3,ServiceAddon,service_addons,present,13,15,
model_to_table,app_v3,ServiceCreditBalance,service_credit_balances,present,9,12,
model_to_table,app_v3,ServiceCreditLedger,service_credit_ledger,present,11,15,
model_to_table,app_v3,WeeklyAvailabilityTemplate,weekly_availability_templates,present,9,10,
model_to_table,app_v3,AvailabilityOverride,availability_overrides,present,10,11,
model_to_table,app_v3,ServiceProfessionalLink,service_professionals,present,5,7,
model_to_table,app_v3,ServiceResourceLink,service_resources,present,5,7,
model_to_table,app_v3,TrainerProfile,trainer_profiles,present,18,20,
model_to_table,app_v3,Availability,availabilities,present,10,13,
model_to_table,app_v3,Booking,bookings,present,29,50,
model_to_table,app_v3,BookingChangeRequest,booking_change_requests,present,18,23,
model_to_table,app_v3,ClassSeries,class_series,present,15,20,
model_to_table,app_v3,ClassSession,class_sessions,present,13,18,
model_to_table,app_v3,BookingPackage,booking_packages,present,8,10,
model_to_table,app_v3,BookingAddon,booking_addons,present,10,12,
model_to_table,app_v3,BookingInvite,booking_invites,present,13,18,
model_to_table,app_v3,BookingCharge,booking_charges,present,17,20,
model_to_table,app_v3,BookingParticipant,booking_participants,present,10,13,
model_to_table,app_v3,BookingSplit,booking_splits,present,21,29,
model_to_table,app_v3,BookingSplitParticipant,booking_split_participants,present,18,24,
model_to_table,app_v3,BookingSplitShareAttempt,booking_split_share_attempts,present,11,13,
model_to_table,app_v3,BookingSplitHoldAttempt,booking_split_hold_attempts,present,10,11,
model_to_table,app_v3,BookingSplitDebt,booking_split_debts,present,10,13,
model_to_table,app_v3,BookingSplitSettlementSnapshot,booking_split_settlement_snapshots,present,9,12,
model_to_table,app_v3,BookingSplitOffsessionAttempt,booking_split_offsession_attempts,present,9,11,
model_to_table,app_v3,ScheduleDelay,schedule_delays,present,11,13,
model_to_table,app_v3,ServiceReview,service_reviews,present,11,15,
model_to_table,app_v3,BookingPolicyRef,booking_policy_refs,present,5,7,
model_to_table,app_v3,CrmOrganizationPolicy,crm_organization_policies,present,12,13,
model_to_table,app_v3,CrmSavedView,crm_saved_views,present,10,12,
model_to_table,app_v3,CrmContact,crm_contacts,present,30,40,
model_to_table,app_v3,CrmContactConsent,crm_contact_consents,present,12,14,
model_to_table,app_v3,CrmContactNote,crm_contact_notes,present,8,11,
model_to_table,app_v3,CrmContactPadel,crm_contact_padel,present,12,15,
model_to_table,app_v3,CrmInteraction,crm_interactions,present,15,18,
model_to_table,app_v3,CrmSegment,crm_segments,present,12,15,
model_to_table,app_v3,CrmCampaign,crm_campaigns,present,28,33,
model_to_table,app_v3,CrmCampaignApproval,crm_campaign_approvals,present,10,13,
model_to_table,app_v3,CrmJourney,crm_journeys,present,12,17,
model_to_table,app_v3,CrmJourneyStep,crm_journey_steps,present,10,13,
model_to_table,app_v3,CrmJourneyEnrollment,crm_journey_enrollments,present,13,17,
model_to_table,app_v3,CrmJourneyRun,crm_journey_runs,present,13,17,
model_to_table,app_v3,CrmCampaignDelivery,crm_campaign_deliveries,present,14,19,
model_to_table,app_v3,UserConsent,user_consents,present,12,14,
model_to_table,app_v3,DsarCase,dsar_cases,present,11,12,
model_to_table,app_v3,LoyaltyProgram,loyalty_programs,present,10,14,
model_to_table,app_v3,LoyaltyRule,loyalty_rules,present,12,14,
model_to_table,app_v3,LoyaltyReward,loyalty_rewards,present,11,13,
model_to_table,app_v3,LoyaltyLedger,loyalty_ledger,present,16,21,
model_to_table,app_v3,AnalyticsRollup,analytics_rollups,present,10,11,
model_to_table,app_v3,Invoice,invoices,present,16,17,
model_to_table,app_v3,Payout,payouts,present,17,18,
table_to_model,app_v3,activity_feed_items,ActivityFeedItem,covered,10,12,
table_to_model,app_v3,address_lookups,AddressLookup,covered,6,7,
table_to_model,app_v3,addresses,Address,covered,13,21,
table_to_model,app_v3,admin_mfa,AdminMfa,covered,10,11,
table_to_model,app_v3,agenda_arbitration_compensation_attempts,AgendaArbitrationCompensationAttempt,covered,7,8,
table_to_model,app_v3,agenda_arbitration_decisions,AgendaArbitrationDecision,covered,19,20,
table_to_model,app_v3,agenda_items,AgendaItem,covered,15,18,
table_to_model,app_v3,agenda_resource_claims,AgendaResourceClaim,covered,17,17,
table_to_model,app_v3,analytics_rollups,AnalyticsRollup,covered,10,11,
table_to_model,app_v3,availabilities,Availability,covered,10,13,
table_to_model,app_v3,availability_overrides,AvailabilityOverride,covered,10,11,
table_to_model,app_v3,booking_addons,BookingAddon,covered,10,12,
table_to_model,app_v3,booking_change_requests,BookingChangeRequest,covered,18,23,
table_to_model,app_v3,booking_charges,BookingCharge,covered,17,20,
table_to_model,app_v3,booking_invites,BookingInvite,covered,13,18,
table_to_model,app_v3,booking_packages,BookingPackage,covered,8,10,
table_to_model,app_v3,booking_participants,BookingParticipant,covered,10,13,
table_to_model,app_v3,booking_policy_refs,BookingPolicyRef,covered,5,7,
table_to_model,app_v3,booking_split_debts,BookingSplitDebt,covered,10,13,
table_to_model,app_v3,booking_split_hold_attempts,BookingSplitHoldAttempt,covered,10,11,
table_to_model,app_v3,booking_split_offsession_attempts,BookingSplitOffsessionAttempt,covered,9,11,
table_to_model,app_v3,booking_split_participants,BookingSplitParticipant,covered,18,24,
table_to_model,app_v3,booking_split_settlement_snapshots,BookingSplitSettlementSnapshot,covered,9,12,
table_to_model,app_v3,booking_split_share_attempts,BookingSplitShareAttempt,covered,11,13,
table_to_model,app_v3,booking_splits,BookingSplit,covered,21,29,
table_to_model,app_v3,bookings,Booking,covered,29,50,
table_to_model,app_v3,chat_access_grants,ChatAccessGrant,covered,27,27,
table_to_model,app_v3,chat_conversation_attachments,ChatConversationAttachment,covered,12,13,
table_to_model,app_v3,chat_conversation_members,ChatConversationMember,covered,15,18,
table_to_model,app_v3,chat_conversation_messages,ChatConversationMessage,covered,13,23,
table_to_model,app_v3,chat_conversations,ChatConversation,covered,18,23,
table_to_model,app_v3,chat_message_pins,ChatMessagePin,covered,5,7,
table_to_model,app_v3,chat_message_reactions,ChatMessageReaction,covered,5,7,
table_to_model,app_v3,chat_message_reports,ChatMessageReport,covered,7,9,
table_to_model,app_v3,chat_user_blocks,ChatUserBlock,covered,6,8,
table_to_model,app_v3,chat_user_presence,ChatUserPresence,covered,4,5,
table_to_model,app_v3,class_series,ClassSeries,covered,15,20,
table_to_model,app_v3,class_sessions,ClassSession,covered,13,18,
table_to_model,app_v3,crm_campaign_approvals,CrmCampaignApproval,covered,10,13,
table_to_model,app_v3,crm_campaign_deliveries,CrmCampaignDelivery,covered,14,19,
table_to_model,app_v3,crm_campaigns,CrmCampaign,covered,28,33,
table_to_model,app_v3,crm_contact_consents,CrmContactConsent,covered,12,14,
table_to_model,app_v3,crm_contact_notes,CrmContactNote,covered,8,11,
table_to_model,app_v3,crm_contact_padel,CrmContactPadel,covered,12,15,
table_to_model,app_v3,crm_contacts,CrmContact,covered,30,40,
table_to_model,app_v3,crm_interactions,CrmInteraction,covered,15,18,
table_to_model,app_v3,crm_journey_enrollments,CrmJourneyEnrollment,covered,13,17,
table_to_model,app_v3,crm_journey_runs,CrmJourneyRun,covered,13,17,
table_to_model,app_v3,crm_journey_steps,CrmJourneyStep,covered,10,13,
table_to_model,app_v3,crm_journeys,CrmJourney,covered,12,17,
table_to_model,app_v3,crm_organization_policies,CrmOrganizationPolicy,covered,12,13,
table_to_model,app_v3,crm_saved_views,CrmSavedView,covered,10,12,
table_to_model,app_v3,crm_segments,CrmSegment,covered,12,15,
table_to_model,app_v3,cron_heartbeats,CronHeartbeat,covered,12,12,
table_to_model,app_v3,cron_job_locks,,orphan_table,7,0,table_without_prisma_model
table_to_model,app_v3,dsar_cases,DsarCase,covered,11,12,
table_to_model,app_v3,email_identities,EmailIdentity,covered,7,12,
table_to_model,app_v3,email_outbox,EmailOutbox,covered,13,13,
table_to_model,app_v3,entitlement_checkins,EntitlementCheckin,covered,16,17,
table_to_model,app_v3,entitlement_qr_tokens,EntitlementQrToken,covered,6,7,
table_to_model,app_v3,entitlements,Entitlement,covered,24,30,
table_to_model,app_v3,event_access_policies,EventAccessPolicy,covered,18,19,
table_to_model,app_v3,event_favorites,EventFavorite,covered,7,9,
table_to_model,app_v3,event_invites,EventInvite,covered,9,12,
table_to_model,app_v3,event_logs,EventLog,covered,15,17,
table_to_model,app_v3,events,Event,covered,24,59,
table_to_model,app_v3,follow_requests,follow_requests,covered,5,7,
table_to_model,app_v3,follows,follows,covered,5,7,
table_to_model,app_v3,global_usernames,GlobalUsername,covered,6,6,
table_to_model,app_v3,group_membership_requests,GroupMembershipRequest,covered,33,38,
table_to_model,app_v3,guest_ticket_access_tokens,GuestTicketAccessToken,covered,9,10,
table_to_model,app_v3,guest_ticket_links,GuestTicketLink,covered,7,8,
table_to_model,app_v3,identity_merge_logs,IdentityMergeLog,covered,16,19,
table_to_model,app_v3,identity_tombstones,IdentityTombstone,covered,9,12,
table_to_model,app_v3,invite_tokens,InviteToken,covered,10,12,
table_to_model,app_v3,invoices,Invoice,covered,16,17,
table_to_model,app_v3,ledger_entries,LedgerEntry,covered,11,12,
table_to_model,app_v3,locks,Lock,covered,3,3,
table_to_model,app_v3,loyalty_ledger,LoyaltyLedger,covered,16,21,
table_to_model,app_v3,loyalty_programs,LoyaltyProgram,covered,10,14,
table_to_model,app_v3,loyalty_rewards,LoyaltyReward,covered,11,13,
table_to_model,app_v3,loyalty_rules,LoyaltyRule,covered,12,14,
table_to_model,app_v3,match_notifications,MatchNotification,covered,6,6,
table_to_model,app_v3,media_assets,MediaAsset,covered,16,17,
table_to_model,app_v3,notification_mutes,NotificationMute,covered,6,9,
table_to_model,app_v3,notification_outbox,NotificationOutbox,covered,13,14,
table_to_model,app_v3,notification_preferences,NotificationPreference,covered,14,15,
table_to_model,app_v3,notifications,Notification,covered,20,27,
table_to_model,app_v3,operations,Operation,covered,23,23,
table_to_model,app_v3,organization_audit_logs,OrganizationAuditLog,covered,15,16,
table_to_model,app_v3,organization_follows,organization_follows,covered,5,7,
table_to_model,app_v3,organization_form_fields,OrganizationFormField,covered,12,13,
table_to_model,app_v3,organization_form_submissions,OrganizationFormSubmission,covered,9,11,
table_to_model,app_v3,organization_forms,OrganizationForm,covered,12,15,
table_to_model,app_v3,organization_group_members,OrganizationGroupMember,covered,10,13,
table_to_model,app_v3,organization_group_owner_transfers,OrganizationGroupOwnerTransfer,covered,11,14,
table_to_model,app_v3,organization_groups,OrganizationGroup,covered,5,10,
table_to_model,app_v3,organization_member_invites,OrganizationMemberInvite,covered,15,19,
table_to_model,app_v3,organization_member_overrides,OrganizationGroupMemberOrganizationOverride,covered,8,10,
table_to_model,app_v3,organization_member_permissions,OrganizationMemberPermission,covered,10,12,
table_to_model,app_v3,organization_modules,OrganizationModuleEntry,covered,4,5,
table_to_model,app_v3,organization_official_email_requests,OrganizationOfficialEmailRequest,covered,11,12,
table_to_model,app_v3,organization_owner_transfers,OrganizationOwnerTransfer,covered,11,12,
table_to_model,app_v3,organization_policies,OrganizationPolicy,covered,14,17,
table_to_model,app_v3,organization_settings,OrganizationSettings,covered,13,14,
table_to_model,app_v3,organization_step_up_challenges,OrganizationStepUpChallenge,covered,14,15,
table_to_model,app_v3,organizations,Organization,covered,51,144,
table_to_model,app_v3,outbox_events,OutboxEvent,covered,19,19,
table_to_model,app_v3,padel_availabilities,CalendarAvailability,covered,12,15,
table_to_model,app_v3,padel_categories,PadelCategory,covered,13,25,
table_to_model,app_v3,padel_club_courts,PadelClubCourt,covered,12,22,
table_to_model,app_v3,padel_club_staff,PadelClubStaff,covered,10,12,
table_to_model,app_v3,padel_club_staff_invites,PadelClubStaffInvite,covered,16,20,
table_to_model,app_v3,padel_clubs,PadelClub,covered,17,27,
table_to_model,app_v3,padel_community_comments,PadelCommunityComment,covered,7,9,
table_to_model,app_v3,padel_community_posts,PadelCommunityPost,covered,12,17,
table_to_model,app_v3,padel_community_reactions,PadelCommunityReaction,covered,6,8,
table_to_model,app_v3,padel_court_blocks,CalendarBlock,covered,13,17,
table_to_model,app_v3,padel_event_category_links,PadelEventCategoryLink,covered,13,16,
table_to_model,app_v3,padel_match_participants,PadelMatchParticipant,covered,7,9,
table_to_model,app_v3,padel_match_result_cards,PadelMatchResultCard,covered,15,17,
table_to_model,app_v3,padel_match_result_signatures,PadelMatchResultSignature,covered,6,7,
table_to_model,app_v3,padel_matches,EventMatchSlot,covered,28,38,
table_to_model,app_v3,padel_pairing_holds,PadelPairingHold,covered,9,10,
table_to_model,app_v3,padel_pairing_slots,PadelPairingSlot,covered,13,18,
table_to_model,app_v3,padel_pairings,PadelPairing,covered,29,43,
table_to_model,app_v3,padel_partner_court_snapshots,PadelPartnerCourtSnapshot,covered,16,16,
table_to_model,app_v3,padel_partner_role_grants,PadelPartnerRoleGrant,covered,17,17,
table_to_model,app_v3,padel_partnership_agreements,PadelPartnershipAgreement,covered,17,17,
table_to_model,app_v3,padel_partnership_booking_policies,PadelPartnershipBookingPolicy,covered,11,11,
table_to_model,app_v3,padel_partnership_compensation_cases,PadelPartnershipCompensationCase,covered,17,17,
table_to_model,app_v3,padel_partnership_overrides,PadelPartnershipOverride,covered,19,19,
table_to_model,app_v3,padel_partnership_windows,PadelPartnershipWindow,covered,16,16,
table_to_model,app_v3,padel_player_history_projection,PadelPlayerHistoryProjection,covered,13,18,
table_to_model,app_v3,padel_player_profiles,PadelPlayerProfile,covered,18,31,
table_to_model,app_v3,padel_ranking_entries,PadelRankingEntry,covered,11,14,
table_to_model,app_v3,padel_rating_events,PadelRatingEvent,covered,24,26,
table_to_model,app_v3,padel_rating_profiles,PadelRatingProfile,covered,19,21,
table_to_model,app_v3,padel_rating_sanctions,PadelRatingSanction,covered,16,18,
table_to_model,app_v3,padel_registration_lines,PadelRegistrationLine,covered,8,11,
table_to_model,app_v3,padel_registrations,PadelRegistration,covered,10,13,
table_to_model,app_v3,padel_rounds,PadelRound,covered,17,21,
table_to_model,app_v3,padel_rule_set_versions,PadelRuleSetVersion,covered,13,16,
table_to_model,app_v3,padel_rule_sets,PadelRuleSet,covered,11,15,
table_to_model,app_v3,padel_team_entries,PadelTeamEntry,covered,8,11,
table_to_model,app_v3,padel_team_member_invites,PadelTeamMemberInvite,covered,15,19,
table_to_model,app_v3,padel_team_members,PadelTeamMember,covered,9,11,
table_to_model,app_v3,padel_teams,PadelTeam,covered,10,16,
table_to_model,app_v3,padel_tournament_configs,PadelTournamentConfig,covered,29,36,
table_to_model,app_v3,padel_tournament_participants,PadelTournamentParticipant,covered,11,18,
table_to_model,app_v3,padel_tournament_tier_approvals,PadelTournamentTierApproval,covered,14,16,
table_to_model,app_v3,padel_waitlist_entries,PadelWaitlistEntry,covered,13,18,
table_to_model,app_v3,payment_events,PaymentEvent,covered,19,19,
table_to_model,app_v3,payment_snapshots,PaymentSnapshot,covered,14,14,
table_to_model,app_v3,payments,Payment,covered,15,17,
table_to_model,app_v3,payouts,Payout,covered,17,18,
table_to_model,app_v3,platform_settings,PlatformSetting,covered,6,6,
table_to_model,app_v3,profiles,Profile,covered,30,121,
table_to_model,app_v3,promo_codes,PromoCode,covered,18,24,
table_to_model,app_v3,promo_redemptions,PromoRedemption,covered,7,8,
table_to_model,app_v3,public_api_keys,PublicApiKey,covered,9,10,
table_to_model,app_v3,push_device_tokens,PushDeviceToken,covered,7,8,
table_to_model,app_v3,refunds,Refund,covered,15,15,
table_to_model,app_v3,reservation_professionals,ReservationProfessional,covered,10,17,
table_to_model,app_v3,reservation_resources,ReservationResource,covered,10,15,
table_to_model,app_v3,sale_lines,SaleLine,covered,18,24,
table_to_model,app_v3,sale_summaries,SaleSummary,covered,26,30,
table_to_model,app_v3,schedule_delays,ScheduleDelay,covered,11,13,
table_to_model,app_v3,search_index_items,SearchIndexItem,covered,23,25,
table_to_model,app_v3,service_addons,ServiceAddon,covered,13,15,
table_to_model,app_v3,service_credit_balances,ServiceCreditBalance,covered,9,12,
table_to_model,app_v3,service_credit_ledger,ServiceCreditLedger,covered,11,15,
table_to_model,app_v3,service_packages,ServicePackage,covered,12,14,
table_to_model,app_v3,service_packs,ServicePack,covered,10,11,
table_to_model,app_v3,service_professionals,ServiceProfessionalLink,covered,5,7,
table_to_model,app_v3,service_resources,ServiceResourceLink,covered,5,7,
table_to_model,app_v3,service_reviews,ServiceReview,covered,11,15,
table_to_model,app_v3,services,Service,covered,19,35,
table_to_model,app_v3,soft_blocks,SoftBlock,covered,10,11,
table_to_model,app_v3,store_bundle_items,StoreBundleItem,covered,6,9,
table_to_model,app_v3,store_bundles,StoreBundle,covered,12,16,
table_to_model,app_v3,store_cart_items,StoreCartItem,covered,12,16,
table_to_model,app_v3,store_carts,StoreCart,covered,9,12,
table_to_model,app_v3,store_categories,StoreCategory,covered,11,13,
table_to_model,app_v3,store_digital_assets,StoreDigitalAsset,covered,10,11,
table_to_model,app_v3,store_digital_grants,StoreDigitalGrant,covered,8,10,
table_to_model,app_v3,store_inventory_movements,StoreInventoryMovement,covered,8,10,
table_to_model,app_v3,store_order_addresses,StoreOrderAddress,covered,8,10,
table_to_model,app_v3,store_order_bundle_items,StoreOrderBundleItem,covered,9,12,
table_to_model,app_v3,store_order_bundles,StoreOrderBundle,covered,11,15,
table_to_model,app_v3,store_order_lines,StoreOrderLine,covered,15,21,
table_to_model,app_v3,store_orders,StoreOrder,covered,24,32,
table_to_model,app_v3,store_product_images,StoreProductImage,covered,8,9,
table_to_model,app_v3,store_product_option_values,StoreProductOptionValue,covered,8,9,
table_to_model,app_v3,store_product_options,StoreProductOption,covered,13,15,
table_to_model,app_v3,store_product_variants,StoreProductVariant,covered,11,17,
table_to_model,app_v3,store_products,StoreProduct,covered,19,30,
table_to_model,app_v3,store_shipments,StoreShipment,covered,11,12,
table_to_model,app_v3,store_shipping_methods,StoreShippingMethod,covered,13,16,
table_to_model,app_v3,store_shipping_tiers,StoreShippingTier,covered,7,8,
table_to_model,app_v3,store_shipping_zones,StoreShippingZone,covered,8,11,
table_to_model,app_v3,stores,Store,covered,11,18,
table_to_model,app_v3,support_ticket_events,SupportTicketEvent,covered,8,10,
table_to_model,app_v3,support_tickets,SupportTicket,covered,13,15,
table_to_model,app_v3,ticket_order_lines,TicketOrderLine,covered,7,9,
table_to_model,app_v3,ticket_orders,TicketOrder,covered,9,11,
table_to_model,app_v3,ticket_resales,TicketResale,covered,9,10,
table_to_model,app_v3,ticket_reservations,TicketReservation,covered,10,12,
table_to_model,app_v3,ticket_types,TicketType,covered,16,23,
table_to_model,app_v3,tickets,Ticket,covered,19,26,
table_to_model,app_v3,tournament_audit_logs,TournamentAuditLog,covered,8,10,
table_to_model,app_v3,tournament_entries,TournamentEntry,covered,14,18,
table_to_model,app_v3,tournament_groups,TournamentGroup,covered,7,9,
table_to_model,app_v3,tournament_matches,TournamentMatch,covered,16,18,
table_to_model,app_v3,tournament_stages,TournamentStage,covered,8,11,
table_to_model,app_v3,tournaments,Tournament,covered,12,16,
table_to_model,app_v3,trainer_profiles,TrainerProfile,covered,18,20,
table_to_model,app_v3,user_activities,UserActivity,covered,7,8,
table_to_model,app_v3,user_close_friends,UserCloseFriend,covered,7,9,
table_to_model,app_v3,user_consents,UserConsent,covered,12,14,
table_to_model,app_v3,user_event_signals,UserEventSignal,covered,9,12,
table_to_model,app_v3,user_identities,UserIdentity,covered,7,8,
table_to_model,app_v3,weekly_availability_templates,WeeklyAvailabilityTemplate,covered,9,10,
table_to_model,auth,audit_log_entries,,orphan_table,5,0,table_without_prisma_model
table_to_model,auth,flow_state,,orphan_table,17,0,table_without_prisma_model
table_to_model,auth,identities,,orphan_table,9,0,table_without_prisma_model
table_to_model,auth,instances,,orphan_table,5,0,table_without_prisma_model
table_to_model,auth,mfa_amr_claims,,orphan_table,5,0,table_without_prisma_model
table_to_model,auth,mfa_challenges,,orphan_table,7,0,table_without_prisma_model
table_to_model,auth,mfa_factors,,orphan_table,13,0,table_without_prisma_model
table_to_model,auth,oauth_authorizations,,orphan_table,17,0,table_without_prisma_model
table_to_model,auth,oauth_client_states,,orphan_table,4,0,table_without_prisma_model
table_to_model,auth,oauth_clients,,orphan_table,13,0,table_without_prisma_model
table_to_model,auth,oauth_consents,,orphan_table,6,0,table_without_prisma_model
table_to_model,auth,one_time_tokens,,orphan_table,7,0,table_without_prisma_model
table_to_model,auth,refresh_tokens,,orphan_table,9,0,table_without_prisma_model
table_to_model,auth,saml_providers,,orphan_table,9,0,table_without_prisma_model
table_to_model,auth,saml_relay_states,,orphan_table,8,0,table_without_prisma_model
table_to_model,auth,schema_migrations,,orphan_table,1,0,table_without_prisma_model
table_to_model,auth,sessions,,orphan_table,15,0,table_without_prisma_model
table_to_model,auth,sso_domains,,orphan_table,5,0,table_without_prisma_model
table_to_model,auth,sso_providers,,orphan_table,5,0,table_without_prisma_model
table_to_model,auth,users,users,covered,35,4,
