api_route,file_path_server,frontend_files_that_call_it
/api/address/autocomplete,app/api/address/autocomplete/route.ts,apps/mobile/features/discover/location.ts; lib/geo/client.ts
/api/address/details,app/api/address/details/route.ts,apps/mobile/features/discover/location.ts; lib/geo/client.ts
/api/address/reverse,app/api/address/reverse/route.ts,lib/geo/client.ts
/api/admin/audit/list,app/api/admin/audit/list/route.ts,app/admin/(protected)/audit/page.tsx
/api/admin/config/platform-email,app/api/admin/config/platform-email/route.ts,app/admin/(protected)/config/platform-email/page.tsx; app/admin/(protected)/organizacoes/page.tsx; app/admin/(protected)/settings/page.tsx
/api/admin/data/purge,app/api/admin/data/purge/route.ts,app/admin/components/AdminDataPurgeTools.tsx
/api/admin/eventos/list,app/api/admin/eventos/list/route.ts,app/admin/(protected)/eventos/page.tsx
/api/admin/eventos/purge,app/api/admin/eventos/purge/route.ts,app/admin/(protected)/eventos/page.tsx
/api/admin/eventos/update-status,app/api/admin/eventos/update-status/route.ts,app/admin/(protected)/eventos/page.tsx
/api/admin/fees,app/api/admin/fees/route.ts,app/admin/(protected)/settings/page.tsx
/api/admin/infra/alerts/status,app/api/admin/infra/alerts/status/route.ts,app/admin/(protected)/infra/InfraClient.tsx
/api/admin/infra/cost/summary,app/api/admin/infra/cost/summary/route.ts,app/admin/(protected)/infra/InfraClient.tsx
/api/admin/infra/deploy,app/api/admin/infra/deploy/route.ts,app/admin/(protected)/infra/InfraClient.tsx
/api/admin/infra/hard-pause,app/api/admin/infra/hard-pause/route.ts,app/admin/(protected)/infra/InfraClient.tsx
/api/admin/infra/migrate,app/api/admin/infra/migrate/route.ts,app/admin/(protected)/infra/InfraClient.tsx
/api/admin/infra/mode,app/api/admin/infra/mode/route.ts,app/admin/(protected)/infra/InfraClient.tsx
/api/admin/infra/redis/start,app/api/admin/infra/redis/start/route.ts,app/admin/(protected)/infra/InfraClient.tsx
/api/admin/infra/redis/stop,app/api/admin/infra/redis/stop/route.ts,app/admin/(protected)/infra/InfraClient.tsx
/api/admin/infra/resume,app/api/admin/infra/resume/route.ts,app/admin/(protected)/infra/InfraClient.tsx
/api/admin/infra/rotate-secrets,app/api/admin/infra/rotate-secrets/route.ts,app/admin/(protected)/infra/InfraClient.tsx
/api/admin/infra/soft-pause,app/api/admin/infra/soft-pause/route.ts,app/admin/(protected)/infra/InfraClient.tsx
/api/admin/infra/start,app/api/admin/infra/start/route.ts,app/admin/(protected)/infra/InfraClient.tsx
/api/admin/infra/status,app/api/admin/infra/status/route.ts,app/admin/(protected)/infra/InfraClient.tsx
/api/admin/infra/usage/summary,app/api/admin/infra/usage/summary/route.ts,app/admin/(protected)/infra/InfraClient.tsx
/api/admin/mfa/enroll,app/api/admin/mfa/enroll/route.ts,app/admin/mfa/MfaChallengeClient.tsx
/api/admin/mfa/reset,app/api/admin/mfa/reset/route.ts,app/admin/mfa/MfaChallengeClient.tsx
/api/admin/mfa/session,app/api/admin/mfa/session/route.ts,app/admin/components/AdminLayout.tsx; app/login/page.tsx
/api/admin/mfa/status,app/api/admin/mfa/status/route.ts,app/admin/(protected)/settings/page.tsx; app/admin/mfa/MfaChallengeClient.tsx
/api/admin/mfa/verify,app/api/admin/mfa/verify/route.ts,app/admin/mfa/MfaChallengeClient.tsx
/api/admin/ops/analytics-rollups,app/api/admin/ops/analytics-rollups/route.ts,app/admin/(protected)/organizacoes/page.tsx
/api/admin/organizacoes/event-log,app/api/admin/organizacoes/event-log/route.ts,app/admin/(protected)/organizacoes/page.tsx
/api/admin/organizacoes/list,app/api/admin/organizacoes/list/route.ts,app/admin/(protected)/organizacoes/page.tsx
/api/admin/organizacoes/refresh-payments-status,app/api/admin/organizacoes/refresh-payments-status/route.ts,app/admin/(protected)/organizacoes/page.tsx
/api/admin/organizacoes/update-payments-mode,app/api/admin/organizacoes/update-payments-mode/route.ts,app/admin/(protected)/organizacoes/page.tsx
/api/admin/organizacoes/update-status,app/api/admin/organizacoes/update-status/route.ts,app/admin/(protected)/organizacoes/page.tsx
/api/admin/organizacoes/verify-platform-email,app/api/admin/organizacoes/verify-platform-email/route.ts,app/admin/(protected)/organizacoes/page.tsx
/api/admin/padel/settings,app/api/admin/padel/settings/route.ts,app/admin/(protected)/settings/page.tsx
/api/admin/payments/dispute,app/api/admin/payments/dispute/route.ts,app/admin/(protected)/finance/page.tsx
/api/admin/payments/export,app/api/admin/payments/export/route.ts,app/admin/components/AdminTopActions.tsx
/api/admin/payments/list,app/api/admin/payments/list/route.ts,app/admin/(protected)/finance/page.tsx
/api/admin/payments/overview,app/api/admin/payments/overview/route.ts,app/admin/(protected)/finance/page.tsx
/api/admin/payments/refund,app/api/admin/payments/refund/route.ts,app/admin/(protected)/finance/page.tsx; app/admin/(protected)/tickets/page.tsx
/api/admin/payments/reprocess,app/api/admin/payments/reprocess/route.ts,app/admin/(protected)/finance/page.tsx; app/admin/components/PaymentTools.tsx
/api/admin/refunds/list,app/api/admin/refunds/list/route.ts,app/admin/(protected)/finance/page.tsx
/api/admin/refunds/retry,app/api/admin/refunds/retry/route.ts,app/admin/(protected)/finance/page.tsx
/api/admin/support/tickets/[id]/events,app/api/admin/support/tickets/[id]/events/route.ts,app/admin/(protected)/suporte/[id]/page.tsx
/api/admin/support/tickets/[id],app/api/admin/support/tickets/[id]/route.ts,app/admin/(protected)/suporte/[id]/page.tsx
/api/admin/support/tickets/[id]/status,app/api/admin/support/tickets/[id]/status/route.ts,app/admin/(protected)/suporte/[id]/page.tsx
/api/admin/support/tickets/list,app/api/admin/support/tickets/list/route.ts,app/admin/(protected)/suporte/page.tsx
/api/admin/tickets/export,app/api/admin/tickets/export/route.ts,app/admin/components/AdminTopActions.tsx
/api/admin/tickets/list,app/api/admin/tickets/list/route.ts,app/admin/(protected)/tickets/page.tsx
/api/admin/utilizadores/manage,app/api/admin/utilizadores/manage/route.ts,app/admin/(protected)/utilizadores/UsersTableClient.tsx
/api/auth/apple/link,app/api/auth/apple/link/route.ts,app/auth/callback/page.tsx
/api/auth/bootstrap,app/api/auth/bootstrap/route.ts,app/components/autenticação/AuthModal.tsx; app/hooks/useUser.ts
/api/auth/check-email,app/api/auth/check-email/route.ts,app/components/autenticação/AuthModal.tsx
/api/auth/clear,app/api/auth/clear/route.ts,
/api/auth/login,app/api/auth/login/route.ts,app/components/autenticação/AuthModal.tsx; app/components/checkout/AuthWall.tsx; apps/mobile/app/auth/email.tsx
/api/auth/logout,app/api/auth/logout/route.ts,app/admin/components/AdminLayout.tsx; app/admin/forbidden/ForbiddenClient.tsx; app/components/Navbar.tsx; app/components/autenticação/AuthModal.tsx; app/me/settings/page.tsx; app/org/_internal/core/OrganizationTopBar.tsx
/api/auth/me,app/api/auth/me/route.ts,app/components/autenticação/AuthModal.tsx; app/hooks/useUser.ts
/api/auth/password/reset-request,app/api/auth/password/reset-request/route.ts,app/components/autenticação/AuthModal.tsx
/api/auth/refresh,app/api/auth/refresh/route.ts,app/components/autenticação/AuthModal.tsx; app/components/checkout/AuthWall.tsx
/api/auth/send-otp,app/api/auth/send-otp/route.ts,app/components/autenticação/AuthModal.tsx; app/components/checkout/AuthWall.tsx
/api/checkout/resale,app/api/checkout/resale/route.ts,app/resale/[id]/page.tsx
/api/checkout/status,app/api/checkout/status/route.ts,app/components/checkout/Step3Sucesso.tsx; apps/mobile/features/checkout/api.ts
/api/cobrancas/[token]/checkout,app/api/cobrancas/[token]/checkout/route.ts,app/cobrancas/[token]/ChargeClient.tsx
/api/cobrancas/[token],app/api/cobrancas/[token]/route.ts,app/cobrancas/[token]/ChargeClient.tsx
/api/convites/[token]/checkout,app/api/convites/[token]/checkout/route.ts,app/convites/[token]/InviteClient.tsx
/api/convites/[token],app/api/convites/[token]/route.ts,app/convites/[token]/InviteClient.tsx
/api/crm/engagement,app/api/crm/engagement/route.ts,app/components/crm/CrmEngagementTracker.tsx; apps/mobile/lib/crm.ts
/api/cron/analytics/rollup,app/api/cron/analytics/rollup/route.ts,lib/cron/jobs.ts
/api/cron/bookings/cleanup,app/api/cron/bookings/cleanup/route.ts,lib/cron/jobs.ts
/api/cron/bookings/split-garantido,app/api/cron/bookings/split-garantido/route.ts,lib/cron/jobs.ts
/api/cron/creditos/expire,app/api/cron/creditos/expire/route.ts,lib/cron/jobs.ts
/api/cron/crm/campanhas,app/api/cron/crm/campanhas/route.ts,lib/cron/jobs.ts
/api/cron/crm/rebuild,app/api/cron/crm/rebuild/route.ts,lib/cron/jobs.ts
/api/cron/entitlements/qr-cleanup,app/api/cron/entitlements/qr-cleanup/route.ts,lib/cron/jobs.ts
/api/cron/loyalty/expire,app/api/cron/loyalty/expire/route.ts,lib/cron/jobs.ts
/api/cron/operations,app/api/cron/operations/route.ts,lib/cron/jobs.ts
/api/cron/padel/arbitration-compensation,app/api/cron/padel/arbitration-compensation/route.ts,lib/cron/jobs.ts
/api/cron/padel/expire,app/api/cron/padel/expire/route.ts,lib/cron/jobs.ts
/api/cron/padel/matchmaking,app/api/cron/padel/matchmaking/route.ts,lib/cron/jobs.ts
/api/cron/padel/partnership-grants/revoke,app/api/cron/padel/partnership-grants/revoke/route.ts,lib/cron/jobs.ts
/api/cron/padel/reminders,app/api/cron/padel/reminders/route.ts,lib/cron/jobs.ts
/api/cron/padel/split-reminders,app/api/cron/padel/split-reminders/route.ts,lib/cron/jobs.ts
/api/cron/padel/tournament-eve,app/api/cron/padel/tournament-eve/route.ts,lib/cron/jobs.ts
/api/cron/padel/waitlist,app/api/cron/padel/waitlist/route.ts,lib/cron/jobs.ts
/api/cron/repair-usernames,app/api/cron/repair-usernames/route.ts,lib/cron/jobs.ts
/api/cron/reservations/cleanup,app/api/cron/reservations/cleanup/route.ts,lib/cron/jobs.ts
/api/email/verified,app/api/email/verified/route.ts,app/components/autenticação/AuthModal.tsx
/api/eventos/[slug]/invite-token,app/api/eventos/[slug]/invite-token/route.ts,app/eventos/[slug]/InviteGateClient.tsx; apps/mobile/app/event/[slug].tsx
/api/eventos/[slug]/invites/check,app/api/eventos/[slug]/invites/check/route.ts,app/eventos/[slug]/InviteGateClient.tsx; apps/mobile/app/event/[slug].tsx
/api/eventos/[slug]/public,app/api/eventos/[slug]/public/route.ts,apps/mobile/features/events/api.ts
/api/eventos/[slug]/resales,app/api/eventos/[slug]/resales/route.ts,app/eventos/[slug]/page.tsx
/api/eventos/list,app/api/eventos/list/route.ts,apps/mobile/features/agora/api.ts
/api/eventos/lookup,app/api/eventos/lookup/route.ts,apps/mobile/features/profile/api.ts
/api/events/favorites/notify,app/api/events/favorites/notify/route.ts,apps/mobile/features/favorites/api.ts
/api/events/favorites,app/api/events/favorites/route.ts,apps/mobile/features/favorites/api.ts
/api/events/favorites/toggle,app/api/events/favorites/toggle/route.ts,apps/mobile/features/favorites/api.ts
/api/explorar/eventos/[slug],app/api/explorar/eventos/[slug]/route.ts,apps/mobile/features/profile/api.ts
/api/explorar/list,app/api/explorar/list/route.ts,app/components/Navbar.tsx; app/descobrir/_explorar/ExplorarContent.tsx; apps/mobile/__tests__/discover-pagination.contract.test.ts; apps/mobile/features/discover/api.ts
/api/inscricoes/[id]/submit,app/api/inscricoes/[id]/submit/route.ts,app/inscricoes/[id]/FormSubmissionClient.tsx
/api/internal/audit,app/api/internal/audit/route.ts,
/api/internal/checkin/consume,app/api/internal/checkin/consume/route.ts,
/api/internal/checkout/timeline,app/api/internal/checkout/timeline/route.ts,
/api/internal/crm/ingest,app/api/internal/crm/ingest/route.ts,
/api/internal/crm/rebuild,app/api/internal/crm/rebuild/route.ts,
/api/internal/cron/coverage,app/api/internal/cron/coverage/route.ts,
/api/internal/notifications/sweep,app/api/internal/notifications/sweep/route.ts,
/api/internal/ops/dashboard,app/api/internal/ops/dashboard/route.ts,
/api/internal/ops/feed,app/api/internal/ops/feed/route.ts,
/api/internal/ops/health,app/api/internal/ops/health/route.ts,
/api/internal/ops/outbox/replay,app/api/internal/ops/outbox/replay/route.ts,
/api/internal/ops/outbox/summary,app/api/internal/ops/outbox/summary/route.ts,
/api/internal/ops/padel/backfill,app/api/internal/ops/padel/backfill/route.ts,
/api/internal/ops/padel/cleanup,app/api/internal/ops/padel/cleanup/route.ts,
/api/internal/ops/padel/integrity,app/api/internal/ops/padel/integrity/route.ts,
/api/internal/ops/padel/workforce-hygiene,app/api/internal/ops/padel/workforce-hygiene/route.ts,
/api/internal/ops/slo,app/api/internal/ops/slo/route.ts,
/api/internal/outbox/dlq,app/api/internal/outbox/dlq/route.ts,
/api/internal/outbox/replay,app/api/internal/outbox/replay/route.ts,
/api/internal/padel/registrations/backfill,app/api/internal/padel/registrations/backfill/route.ts,
/api/internal/ping,app/api/internal/ping/route.ts,
/api/internal/public-api/keys,app/api/internal/public-api/keys/route.ts,
/api/internal/reconcile,app/api/internal/reconcile/route.ts,
/api/internal/reprocess/payment-intent,app/api/internal/reprocess/payment-intent/route.ts,
/api/internal/reprocess/purchase,app/api/internal/reprocess/purchase/route.ts,
/api/internal/reprocess/stripe-event,app/api/internal/reprocess/stripe-event/route.ts,
/api/internal/worker/operations,app/api/internal/worker/operations/route.ts,
/api/location/ip,app/api/location/ip/route.ts,apps/mobile/features/onboarding/api.ts
/api/maps/apple-token,app/api/maps/apple-token/route.ts,app/components/maps/AppleMapsLoader.tsx
/api/me/agenda,app/api/me/agenda/route.ts,app/agora/page.tsx; app/components/home/HomePersonalized.tsx; app/me/carteira/WalletHubClient.tsx; app/me/page.tsx; apps/mobile/features/profile/api.ts
/api/me/claim-guest,app/api/me/claim-guest/route.ts,app/auth/callback/page.tsx; app/hooks/useUser.ts
/api/me/consents,app/api/me/consents/route.ts,app/me/settings/page.tsx; apps/mobile/features/settings/api.ts
/api/me/contact-phone,app/api/me/contact-phone/route.ts,app/[username]/_components/ReservasBookingClient.tsx; apps/mobile/app/service/[id]/booking.tsx; apps/mobile/features/settings/api.ts
/api/me/dsar/export,app/api/me/dsar/export/route.ts,
/api/me/events/signals,app/api/me/events/signals/route.ts,app/descobrir/_explorar/eventSignals.ts; apps/mobile/features/events/signals.ts
/api/me/inscricoes/[id],app/api/me/inscricoes/[id]/route.ts,apps/mobile/features/tournaments/api.ts
/api/me/location/consent,app/api/me/location/consent/route.ts,apps/mobile/features/onboarding/api.ts
/api/me/loyalty/recompensas/[rewardId]/resgatar,app/api/me/loyalty/recompensas/[rewardId]/resgatar/route.ts,app/me/carteira/WalletHubClient.tsx
/api/me/loyalty/recompensas,app/api/me/loyalty/recompensas/route.ts,app/me/carteira/WalletHubClient.tsx
/api/me/notifications/feed,app/api/me/notifications/feed/route.ts,app/components/Navbar.tsx; app/components/mobile/MobileTopBar.tsx; app/components/notifications/NotificationBell.tsx; app/social/page.tsx; apps/mobile/features/notifications/api.ts
/api/me/notifications/mute,app/api/me/notifications/mute/route.ts,apps/mobile/features/notifications/api.ts
/api/me/notifications,app/api/me/notifications/route.ts,app/social/page.tsx; apps/mobile/features/notifications/api.ts
/api/me/purchases,app/api/me/purchases/route.ts,app/me/compras/page.tsx
/api/me/purchases/store/[orderId]/invoice,app/api/me/purchases/store/[orderId]/invoice/route.ts,app/me/compras/loja/[orderId]/page.tsx; app/me/compras/loja/page.tsx
/api/me/purchases/store/[orderId]/receipt,app/api/me/purchases/store/[orderId]/receipt/route.ts,app/me/compras/loja/[orderId]/page.tsx; app/me/compras/loja/page.tsx; apps/mobile/features/store/api.ts
/api/me/purchases/store/[orderId],app/api/me/purchases/store/[orderId]/route.ts,app/me/compras/loja/[orderId]/page.tsx; apps/mobile/features/store/api.ts
/api/me/purchases/store,app/api/me/purchases/store/route.ts,app/me/carteira/WalletHubClient.tsx; app/me/compras/loja/page.tsx; apps/mobile/features/store/api.ts
/api/me/push-tokens,app/api/me/push-tokens/route.ts,apps/mobile/__tests__/push-sync.test.ts; apps/mobile/lib/push.ts
/api/me/reservas/[id]/cancel/preview,app/api/me/reservas/[id]/cancel/preview/route.ts,app/me/reservas/page.tsx; apps/mobile/features/bookings/api.ts
/api/me/reservas/[id]/cancel,app/api/me/reservas/[id]/cancel/route.ts,app/[username]/_components/ReservasBookingClient.tsx; app/me/reservas/page.tsx; apps/mobile/features/bookings/api.ts
/api/me/reservas/[id]/invites,app/api/me/reservas/[id]/invites/route.ts,app/me/reservas/page.tsx
/api/me/reservas/[id]/reschedule/respond,app/api/me/reservas/[id]/reschedule/respond/route.ts,app/me/reservas/page.tsx; apps/mobile/features/bookings/api.ts
/api/me/reservas/[id]/reschedule,app/api/me/reservas/[id]/reschedule/route.ts,app/me/reservas/page.tsx
/api/me/reservas/[id]/review,app/api/me/reservas/[id]/review/route.ts,app/me/reservas/page.tsx
/api/me/reservas/[id],app/api/me/reservas/[id]/route.ts,app/[username]/_components/ReservasBookingClient.tsx; apps/mobile/app/checkout/index.tsx
/api/me/reservas/[id]/split,app/api/me/reservas/[id]/split/route.ts,app/me/reservas/page.tsx
/api/me/reservas,app/api/me/reservas/route.ts,app/me/reservas/page.tsx; apps/mobile/features/bookings/api.ts
/api/me,app/api/me/route.ts,apps/mobile/features/profile/api.ts
/api/me/settings/delete,app/api/me/settings/delete/route.ts,app/me/settings/page.tsx; apps/mobile/app/settings/index.tsx
/api/me/settings/email,app/api/me/settings/email/route.ts,app/me/settings/page.tsx; apps/mobile/features/settings/api.ts
/api/me/settings/save,app/api/me/settings/save/route.ts,app/me/settings/page.tsx; apps/mobile/features/settings/api.ts
/api/me/wallet/[entitlementId]/pass,app/api/me/wallet/[entitlementId]/pass/route.ts,
/api/me/wallet/[entitlementId],app/api/me/wallet/[entitlementId]/route.ts,app/me/bilhetes/[id]/TicketDetailClient.tsx; apps/mobile/features/wallet/api.ts
/api/me/wallet,app/api/me/wallet/route.ts,app/components/checkout/Step3Sucesso.tsx; app/components/wallet/useWallet.ts; apps/mobile/features/wallet/api.ts
/api/messages/attachments/presign,app/api/messages/attachments/presign/route.ts,
/api/messages/blocks,app/api/messages/blocks/route.ts,app/org/_internal/core/(dashboard)/chat/preview/useChatPreviewData.ts
/api/messages/conversations/[conversationId]/leave,app/api/messages/conversations/[conversationId]/leave/route.ts,app/org/_internal/core/(dashboard)/chat/ChatInternoV2Client.tsx; app/org/_internal/core/(dashboard)/chat/preview/useChatPreviewData.ts
/api/messages/conversations/[conversationId]/messages/[messageId],app/api/messages/conversations/[conversationId]/messages/[messageId]/route.ts,apps/mobile/features/messages/api.ts
/api/messages/conversations/[conversationId]/messages,app/api/messages/conversations/[conversationId]/messages/route.ts,app/org/_internal/core/(dashboard)/chat/ChatInternoV2Client.tsx; app/org/_internal/core/(dashboard)/chat/preview/useChatPreviewData.ts; apps/mobile/features/messages/api.ts
/api/messages/conversations/[conversationId]/notifications,app/api/messages/conversations/[conversationId]/notifications/route.ts,app/org/_internal/core/(dashboard)/chat/ChatInternoV2Client.tsx; app/org/_internal/core/(dashboard)/chat/preview/useChatPreviewData.ts; apps/mobile/features/messages/api.ts
/api/messages/conversations/[conversationId]/read,app/api/messages/conversations/[conversationId]/read/route.ts,app/org/_internal/core/(dashboard)/chat/ChatInternoV2Client.tsx; app/org/_internal/core/(dashboard)/chat/preview/useChatPreviewData.ts; apps/mobile/features/messages/api.ts
/api/messages/conversations/[conversationId],app/api/messages/conversations/[conversationId]/route.ts,app/org/_internal/core/(dashboard)/chat/preview/useChatPreviewData.ts
/api/messages/conversations/resolve,app/api/messages/conversations/resolve/route.ts,apps/mobile/features/messages/api.ts
/api/messages/conversations,app/api/messages/conversations/route.ts,app/org/_internal/core/(dashboard)/chat/ChatInternoV2Client.tsx; app/org/_internal/core/(dashboard)/chat/preview/useChatPreviewData.ts; apps/mobile/features/messages/api.ts
/api/messages/grants/[grantId]/accept,app/api/messages/grants/[grantId]/accept/route.ts,app/org/_internal/core/(dashboard)/chat/ChannelRequestsPanel.tsx; app/org/_internal/core/(dashboard)/chat/ChatInternoV2Client.tsx; apps/mobile/features/messages/api.ts
/api/messages/grants/[grantId]/decline,app/api/messages/grants/[grantId]/decline/route.ts,app/org/_internal/core/(dashboard)/chat/ChannelRequestsPanel.tsx; app/org/_internal/core/(dashboard)/chat/ChatInternoV2Client.tsx; apps/mobile/features/messages/api.ts
/api/messages/grants,app/api/messages/grants/route.ts,app/org/_internal/core/(dashboard)/chat/ChannelRequestsPanel.tsx; app/org/_internal/core/(dashboard)/chat/ChatInternoV2Client.tsx; apps/mobile/features/messages/api.ts
/api/messages/messages/[messageId]/pins,app/api/messages/messages/[messageId]/pins/route.ts,app/org/_internal/core/(dashboard)/chat/preview/useChatPreviewData.ts
/api/messages/messages/[messageId]/reactions,app/api/messages/messages/[messageId]/reactions/route.ts,app/org/_internal/core/(dashboard)/chat/ChatInternoV2Client.tsx; app/org/_internal/core/(dashboard)/chat/preview/useChatPreviewData.ts
/api/messages/messages/[messageId]/report,app/api/messages/messages/[messageId]/report/route.ts,
/api/messages/messages/[messageId],app/api/messages/messages/[messageId]/route.ts,app/org/_internal/core/(dashboard)/chat/ChatInternoV2Client.tsx; app/org/_internal/core/(dashboard)/chat/preview/useChatPreviewData.ts
/api/messages/messages,app/api/messages/messages/route.ts,app/org/_internal/core/(dashboard)/chat/ChatInternoV2Client.tsx; app/org/_internal/core/(dashboard)/chat/preview/useChatPreviewData.ts; app/org/_internal/core/(dashboard)/reservas/page.tsx
/api/messages/search,app/api/messages/search/route.ts,app/org/_internal/core/(dashboard)/chat/ChatInternoV2Client.tsx
/api/notifications/mark-click,app/api/notifications/mark-click/route.ts,app/components/notifications/NotificationBell.tsx; app/social/page.tsx
/api/notifications/mark-read,app/api/notifications/mark-read/route.ts,app/components/notifications/NotificationBell.tsx; app/social/page.tsx; apps/mobile/features/notifications/api.ts
/api/notifications/prefs,app/api/notifications/prefs/route.ts,app/me/settings/page.tsx; apps/mobile/app/settings/index.tsx; apps/mobile/features/settings/api.ts
/api/org/[orgId]/agenda,app/api/org/[orgId]/agenda/route.ts,app/org/[orgId]/calendar/_components/WeekCalendarReadClient.tsx; app/org/[orgId]/calendar/_components/day/DayCalendarReadClient.tsx; lib/canonicalOrgUiEndpointRegistry.ts
/api/org/[orgId]/agenda/soft-blocks,app/api/org/[orgId]/agenda/soft-blocks/route.ts,lib/canonicalOrgUiEndpointRegistry.ts
/api/org/[orgId]/analytics/buyers,app/api/org/[orgId]/analytics/buyers/route.ts,app/org/[orgId]/analytics/AnalyticsToolClient.tsx; app/org/_internal/core/DashboardClient.tsx
/api/org/[orgId]/analytics/cohorts,app/api/org/[orgId]/analytics/cohorts/route.ts,app/org/[orgId]/analytics/AnalyticsToolClient.tsx
/api/org/[orgId]/analytics/conversion,app/api/org/[orgId]/analytics/conversion/route.ts,app/org/[orgId]/analytics/AnalyticsToolClient.tsx
/api/org/[orgId]/analytics/dimensoes,app/api/org/[orgId]/analytics/dimensoes/route.ts,app/org/[orgId]/analytics/AnalyticsToolClient.tsx; app/org/_internal/core/DashboardClient.tsx
/api/org/[orgId]/analytics/events,app/api/org/[orgId]/analytics/events/route.ts,app/org/[orgId]/analytics/AnalyticsToolClient.tsx
/api/org/[orgId]/analytics/overview,app/api/org/[orgId]/analytics/overview/route.ts,app/org/[orgId]/analytics/AnalyticsToolClient.tsx; app/org/_internal/core/DashboardClient.tsx
/api/org/[orgId]/analytics/time-series,app/api/org/[orgId]/analytics/time-series/route.ts,app/org/[orgId]/analytics/AnalyticsToolClient.tsx; app/org/_internal/core/DashboardClient.tsx
/api/org/[orgId]/audit,app/api/org/[orgId]/audit/route.ts,app/org/_internal/core/(dashboard)/staff/page.tsx
/api/org/[orgId]/checkin/manual,app/api/org/[orgId]/checkin/manual/route.ts,app/org/[orgId]/check-in/OrgCheckInOperationsClient.tsx
/api/org/[orgId]/checkin/preview,app/api/org/[orgId]/checkin/preview/route.ts,app/components/checkin/CheckinScanner.tsx
/api/org/[orgId]/checkin,app/api/org/[orgId]/checkin/route.ts,app/components/checkin/CheckinScanner.tsx
/api/org/[orgId]/consentimentos/[userId],app/api/org/[orgId]/consentimentos/[userId]/route.ts,app/org/_internal/core/(dashboard)/crm/clientes/[customerId]/page.tsx
/api/org/[orgId]/consentimentos,app/api/org/[orgId]/consentimentos/route.ts,lib/canonicalOrgUiEndpointRegistry.ts
/api/org/[orgId]/crm/campanhas/[campaignId]/approve,app/api/org/[orgId]/crm/campanhas/[campaignId]/approve/route.ts,app/org/_internal/core/(dashboard)/crm/campanhas/page.tsx
/api/org/[orgId]/crm/campanhas/[campaignId]/cancel,app/api/org/[orgId]/crm/campanhas/[campaignId]/cancel/route.ts,app/org/_internal/core/(dashboard)/crm/campanhas/page.tsx
/api/org/[orgId]/crm/campanhas/[campaignId]/enviar,app/api/org/[orgId]/crm/campanhas/[campaignId]/enviar/route.ts,app/org/_internal/core/(dashboard)/crm/campanhas/page.tsx
/api/org/[orgId]/crm/campanhas/[campaignId]/reject,app/api/org/[orgId]/crm/campanhas/[campaignId]/reject/route.ts,app/org/_internal/core/(dashboard)/crm/campanhas/page.tsx
/api/org/[orgId]/crm/campanhas/[campaignId]/submit,app/api/org/[orgId]/crm/campanhas/[campaignId]/submit/route.ts,app/org/_internal/core/(dashboard)/crm/campanhas/page.tsx
/api/org/[orgId]/crm/campanhas,app/api/org/[orgId]/crm/campanhas/route.ts,app/org/_internal/core/(dashboard)/crm/campanhas/page.tsx
/api/org/[orgId]/crm/clientes/[customerId]/notas,app/api/org/[orgId]/crm/clientes/[customerId]/notas/route.ts,app/org/_internal/core/(dashboard)/crm/clientes/[customerId]/page.tsx
/api/org/[orgId]/crm/clientes/[customerId],app/api/org/[orgId]/crm/clientes/[customerId]/route.ts,app/org/_internal/core/(dashboard)/crm/clientes/[customerId]/page.tsx
/api/org/[orgId]/crm/clientes/[customerId]/tags,app/api/org/[orgId]/crm/clientes/[customerId]/tags/route.ts,app/org/_internal/core/(dashboard)/crm/clientes/[customerId]/page.tsx
/api/org/[orgId]/crm/clientes,app/api/org/[orgId]/crm/clientes/route.ts,app/org/_internal/core/(dashboard)/crm/clientes/page.tsx
/api/org/[orgId]/crm/config,app/api/org/[orgId]/crm/config/route.ts,app/org/[orgId]/policies/PoliciesToolClient.tsx; app/org/_internal/core/(dashboard)/crm/journeys/page.tsx
/api/org/[orgId]/crm/journeys/[id]/pause,app/api/org/[orgId]/crm/journeys/[id]/pause/route.ts,app/org/_internal/core/(dashboard)/crm/journeys/page.tsx
/api/org/[orgId]/crm/journeys/[id]/publish,app/api/org/[orgId]/crm/journeys/[id]/publish/route.ts,app/org/_internal/core/(dashboard)/crm/journeys/page.tsx
/api/org/[orgId]/crm/journeys/[id],app/api/org/[orgId]/crm/journeys/[id]/route.ts,app/org/_internal/core/(dashboard)/crm/journeys/page.tsx
/api/org/[orgId]/crm/journeys,app/api/org/[orgId]/crm/journeys/route.ts,app/org/_internal/core/(dashboard)/crm/journeys/page.tsx
/api/org/[orgId]/crm/relatorios,app/api/org/[orgId]/crm/relatorios/route.ts,app/org/_internal/core/(dashboard)/crm/relatorios/page.tsx
/api/org/[orgId]/crm/saved-views/[id],app/api/org/[orgId]/crm/saved-views/[id]/route.ts,app/org/_internal/core/(dashboard)/crm/clientes/page.tsx; app/org/_internal/core/(dashboard)/crm/segmentos/page.tsx
/api/org/[orgId]/crm/saved-views,app/api/org/[orgId]/crm/saved-views/route.ts,app/org/_internal/core/(dashboard)/crm/clientes/page.tsx; app/org/_internal/core/(dashboard)/crm/segmentos/page.tsx
/api/org/[orgId]/crm/segmentos/[segmentId]/preview,app/api/org/[orgId]/crm/segmentos/[segmentId]/preview/route.ts,app/org/_internal/core/(dashboard)/crm/segmentos/[segmentId]/page.tsx
/api/org/[orgId]/crm/segmentos/[segmentId],app/api/org/[orgId]/crm/segmentos/[segmentId]/route.ts,app/org/_internal/core/(dashboard)/crm/segmentos/[segmentId]/page.tsx
/api/org/[orgId]/crm/segmentos,app/api/org/[orgId]/crm/segmentos/route.ts,app/org/_internal/core/(dashboard)/crm/campanhas/page.tsx; app/org/_internal/core/(dashboard)/crm/segmentos/page.tsx
/api/org/[orgId]/dashboard/tools/visibility,app/api/org/[orgId]/dashboard/tools/visibility/route.ts,app/org/_internal/core/DashboardClient.tsx
/api/org/[orgId]/events/[id]/attendees,app/api/org/[orgId]/events/[id]/attendees/route.ts,app/org/[orgId]/check-in/OrgCheckInOperationsClient.tsx; app/org/_internal/core/(dashboard)/eventos/[id]/EventAttendeesPanel.tsx
/api/org/[orgId]/events/[id]/invite-token,app/api/org/[orgId]/events/[id]/invite-token/route.ts,lib/canonicalOrgUiEndpointRegistry.ts
/api/org/[orgId]/events/[id]/invites,app/api/org/[orgId]/events/[id]/invites/route.ts,app/org/_internal/core/(dashboard)/eventos/EventEditClient.tsx
/api/org/[orgId]/events/[id]/refund,app/api/org/[orgId]/events/[id]/refund/route.ts,app/org/_internal/core/(dashboard)/eventos/[id]/EventAttendeesPanel.tsx
/api/org/[orgId]/events/create,app/api/org/[orgId]/events/create/route.ts,app/org/_internal/core/(dashboard)/eventos/novo/page.tsx
/api/org/[orgId]/events/list,app/api/org/[orgId]/events/list/route.ts,app/components/checkin/CheckinScanner.tsx; app/org/[orgId]/check-in/OrgCheckInOperationsClient.tsx; app/org/_internal/core/DashboardClient.tsx
/api/org/[orgId]/events/summary,app/api/org/[orgId]/events/summary/route.ts,app/org/_internal/core/DashboardClient.tsx
/api/org/[orgId]/events/update,app/api/org/[orgId]/events/update/route.ts,app/org/_internal/core/(dashboard)/eventos/EventEditClient.tsx; app/org/_internal/core/(dashboard)/eventos/[id]/PadelTournamentTabs.tsx; app/org/_internal/core/DashboardClient.tsx
/api/org/[orgId]/faturacao,app/api/org/[orgId]/faturacao/route.ts,lib/canonicalOrgUiEndpointRegistry.ts
/api/org/[orgId]/finance/exports/fees,app/api/org/[orgId]/finance/exports/fees/route.ts,app/org/[orgId]/finance/FinanceToolClient.tsx
/api/org/[orgId]/finance/exports/ledger,app/api/org/[orgId]/finance/exports/ledger/route.ts,app/org/[orgId]/finance/FinanceToolClient.tsx
/api/org/[orgId]/finance/exports/payouts,app/api/org/[orgId]/finance/exports/payouts/route.ts,app/org/[orgId]/finance/FinanceToolClient.tsx
/api/org/[orgId]/finance/invoicing,app/api/org/[orgId]/finance/invoicing/route.ts,app/org/_internal/core/DashboardClient.tsx
/api/org/[orgId]/finance/overview,app/api/org/[orgId]/finance/overview/route.ts,app/org/[orgId]/finance/FinanceToolClient.tsx; app/org/_internal/core/DashboardClient.tsx
/api/org/[orgId]/finance/payouts/connect,app/api/org/[orgId]/finance/payouts/connect/route.ts,app/org/_internal/core/DashboardClient.tsx
/api/org/[orgId]/finance/payouts/list,app/api/org/[orgId]/finance/payouts/list/route.ts,app/org/_internal/core/pagamentos/PayoutsPanel.tsx
/api/org/[orgId]/finance/payouts/settings,app/api/org/[orgId]/finance/payouts/settings/route.ts,app/org/_internal/core/DashboardClient.tsx
/api/org/[orgId]/finance/payouts/status,app/api/org/[orgId]/finance/payouts/status/route.ts,app/org/_internal/core/DashboardClient.tsx
/api/org/[orgId]/finance/payouts/summary,app/api/org/[orgId]/finance/payouts/summary/route.ts,app/org/_internal/core/DashboardClient.tsx
/api/org/[orgId]/finance/reconciliation,app/api/org/[orgId]/finance/reconciliation/route.ts,app/org/[orgId]/finance/FinanceToolClient.tsx
/api/org/[orgId]/inscricoes/[id]/export,app/api/org/[orgId]/inscricoes/[id]/export/route.ts,app/org/_internal/core/(dashboard)/inscricoes/[id]/page.tsx
/api/org/[orgId]/inscricoes/[id],app/api/org/[orgId]/inscricoes/[id]/route.ts,app/org/_internal/core/(dashboard)/inscricoes/[id]/page.tsx; app/org/_internal/core/(dashboard)/inscricoes/page.tsx
/api/org/[orgId]/inscricoes/[id]/submissions,app/api/org/[orgId]/inscricoes/[id]/submissions/route.ts,app/org/_internal/core/(dashboard)/inscricoes/[id]/page.tsx
/api/org/[orgId]/inscricoes/[id]/summary,app/api/org/[orgId]/inscricoes/[id]/summary/route.ts,app/org/_internal/core/(dashboard)/inscricoes/[id]/page.tsx
/api/org/[orgId]/inscricoes,app/api/org/[orgId]/inscricoes/route.ts,app/org/_internal/core/(dashboard)/inscricoes/page.tsx
/api/org/[orgId]/loyalty/programa,app/api/org/[orgId]/loyalty/programa/route.ts,app/org/_internal/core/(dashboard)/crm/loyalty/page.tsx
/api/org/[orgId]/loyalty/recompensas,app/api/org/[orgId]/loyalty/recompensas/route.ts,app/org/_internal/core/(dashboard)/crm/loyalty/page.tsx
/api/org/[orgId]/loyalty/regras,app/api/org/[orgId]/loyalty/regras/route.ts,app/org/_internal/core/(dashboard)/crm/loyalty/page.tsx
/api/org/[orgId]/marketing/overview,app/api/org/[orgId]/marketing/overview/route.ts,app/org/_internal/core/DashboardClient.tsx
/api/org/[orgId]/me,app/api/org/[orgId]/me/route.ts,app/org/_internal/core/(dashboard)/eventos/EventEditClient.tsx; app/org/_internal/core/(dashboard)/eventos/novo/page.tsx; app/org/_internal/core/(dashboard)/padel/torneios/novo/PadelTournamentWizardClient.tsx; app/org/_internal/core/(dashboard)/reservas/page.tsx; app/org/_internal/core/(dashboard)/settings/page.tsx; app/org/_internal/core/(dashboard)/staff/page.tsx; app/org/_internal/core/DashboardClient.tsx; app/org/_internal/core/ObjectiveSubnav.tsx; app/org/_internal/core/OrganizationDashboardShell.tsx; app/org/_internal/core/OrganizationTopBar.tsx
/api/org/[orgId]/ops/feed,app/api/org/[orgId]/ops/feed/route.ts,app/org/[orgId]/finance/FinanceToolClient.tsx; app/org/_internal/core/DashboardClient.tsx
/api/org/[orgId]/pagamentos/invoices,app/api/org/[orgId]/pagamentos/invoices/route.ts,app/org/_internal/core/pagamentos/invoices/invoices-client.tsx
/api/org/[orgId]/policies/[id],app/api/org/[orgId]/policies/[id]/route.ts,app/org/[orgId]/policies/PoliciesToolClient.tsx
/api/org/[orgId]/policies/padel,app/api/org/[orgId]/policies/padel/route.ts,app/org/[orgId]/policies/PoliciesToolClient.tsx
/api/org/[orgId]/policies,app/api/org/[orgId]/policies/route.ts,app/org/[orgId]/policies/PoliciesToolClient.tsx; app/org/_internal/core/(dashboard)/reservas/[id]/page.tsx
/api/org/[orgId]/policies/store,app/api/org/[orgId]/policies/store/route.ts,app/org/[orgId]/policies/PoliciesToolClient.tsx
/api/org/[orgId]/promo/[id],app/api/org/[orgId]/promo/[id]/route.ts,app/org/_internal/core/promo/PromoCodesClient.tsx
/api/org/[orgId]/promo,app/api/org/[orgId]/promo/route.ts,app/org/_internal/core/DashboardClient.tsx; app/org/_internal/core/promo/PromoCodesClient.tsx
/api/org/[orgId]/refunds/list,app/api/org/[orgId]/refunds/list/route.ts,app/org/_internal/core/pagamentos/RefundsPanel.tsx
/api/org/[orgId]/reservas/[id]/cancel,app/api/org/[orgId]/reservas/[id]/cancel/route.ts,app/org/_internal/core/(dashboard)/reservas/page.tsx
/api/org/[orgId]/reservas/[id]/charges,app/api/org/[orgId]/reservas/[id]/charges/route.ts,app/org/_internal/core/(dashboard)/reservas/_components/BookingChargesPanel.tsx
/api/org/[orgId]/reservas/[id]/checkout,app/api/org/[orgId]/reservas/[id]/checkout/route.ts,app/org/_internal/core/(dashboard)/reservas/page.tsx
/api/org/[orgId]/reservas/[id]/invites,app/api/org/[orgId]/reservas/[id]/invites/route.ts,app/org/_internal/core/(dashboard)/reservas/page.tsx
/api/org/[orgId]/reservas/[id]/no-show,app/api/org/[orgId]/reservas/[id]/no-show/route.ts,app/org/_internal/core/(dashboard)/reservas/page.tsx
/api/org/[orgId]/reservas/[id]/participants,app/api/org/[orgId]/reservas/[id]/participants/route.ts,app/org/_internal/core/(dashboard)/reservas/page.tsx
/api/org/[orgId]/reservas/[id]/reschedule,app/api/org/[orgId]/reservas/[id]/reschedule/route.ts,app/org/_internal/core/(dashboard)/reservas/page.tsx
/api/org/[orgId]/reservas/[id]/split,app/api/org/[orgId]/reservas/[id]/split/route.ts,app/org/_internal/core/(dashboard)/reservas/page.tsx
/api/org/[orgId]/reservas/clientes,app/api/org/[orgId]/reservas/clientes/route.ts,app/org/_internal/core/(dashboard)/reservas/clientes/page.tsx; app/org/_internal/core/(dashboard)/reservas/page.tsx
/api/org/[orgId]/reservas/config,app/api/org/[orgId]/reservas/config/route.ts,app/[username]/_components/ReservasBookingClient.tsx; app/org/_internal/core/(dashboard)/reservas/page.tsx; app/org/_internal/core/(dashboard)/settings/page.tsx; lib/canonicalOrgUiEndpointRegistry.ts
/api/org/[orgId]/reservas/delays,app/api/org/[orgId]/reservas/delays/route.ts,app/org/_internal/core/(dashboard)/reservas/page.tsx
/api/org/[orgId]/reservas/disponibilidade/changesets/[changeSetId]/apply,app/api/org/[orgId]/reservas/disponibilidade/changesets/[changeSetId]/apply/route.ts,app/org/[orgId]/bookings/availability/conflicts/[changeSetId]/page.tsx
/api/org/[orgId]/reservas/disponibilidade/changesets/[changeSetId]/cancel,app/api/org/[orgId]/reservas/disponibilidade/changesets/[changeSetId]/cancel/route.ts,app/org/[orgId]/bookings/availability/conflicts/[changeSetId]/page.tsx
/api/org/[orgId]/reservas/disponibilidade/changesets/[changeSetId]/conflicts/[conflictId]/resolve,app/api/org/[orgId]/reservas/disponibilidade/changesets/[changeSetId]/conflicts/[conflictId]/resolve/route.ts,app/org/[orgId]/bookings/availability/conflicts/[changeSetId]/page.tsx
/api/org/[orgId]/reservas/disponibilidade/changesets/[changeSetId],app/api/org/[orgId]/reservas/disponibilidade/changesets/[changeSetId]/route.ts,app/org/[orgId]/bookings/availability/conflicts/[changeSetId]/page.tsx
/api/org/[orgId]/reservas/disponibilidade/changesets,app/api/org/[orgId]/reservas/disponibilidade/changesets/route.ts,app/org/_internal/core/(dashboard)/reservas/_components/AvailabilityEditor.tsx
/api/org/[orgId]/reservas/disponibilidade,app/api/org/[orgId]/reservas/disponibilidade/route.ts,app/org/[orgId]/calendar/_components/WeekCalendarReadClient.tsx; app/org/[orgId]/calendar/_components/day/DayCalendarReadClient.tsx; app/org/_internal/core/(dashboard)/reservas/_components/AvailabilityEditor.tsx
/api/org/[orgId]/reservas/profissionais/[id],app/api/org/[orgId]/reservas/profissionais/[id]/route.ts,app/org/_internal/core/(dashboard)/reservas/profissionais/page.tsx
/api/org/[orgId]/reservas/profissionais,app/api/org/[orgId]/reservas/profissionais/route.ts,app/org/[orgId]/bookings/availability/page.tsx; app/org/[orgId]/calendar/_components/WeekCalendarReadClient.tsx; app/org/[orgId]/calendar/_components/day/DayCalendarReadClient.tsx; app/org/_internal/core/(dashboard)/reservas/[id]/page.tsx; app/org/_internal/core/(dashboard)/reservas/page.tsx; app/org/_internal/core/(dashboard)/reservas/profissionais/page.tsx
/api/org/[orgId]/reservas/recursos/[id],app/api/org/[orgId]/reservas/recursos/[id]/route.ts,app/org/_internal/core/(dashboard)/reservas/recursos/page.tsx
/api/org/[orgId]/reservas/recursos,app/api/org/[orgId]/reservas/recursos/route.ts,app/org/[orgId]/bookings/availability/page.tsx; app/org/[orgId]/calendar/_components/WeekCalendarReadClient.tsx; app/org/[orgId]/calendar/_components/day/DayCalendarReadClient.tsx; app/org/_internal/core/(dashboard)/reservas/[id]/page.tsx; app/org/_internal/core/(dashboard)/reservas/page.tsx; app/org/_internal/core/(dashboard)/reservas/recursos/page.tsx
/api/org/[orgId]/reservas,app/api/org/[orgId]/reservas/route.ts,app/org/[orgId]/calendar/_components/day/DayCalendarReadClient.tsx; app/org/_internal/core/(dashboard)/reservas/page.tsx; app/org/_internal/core/DashboardClient.tsx
/api/org/[orgId]/reservas/summary,app/api/org/[orgId]/reservas/summary/route.ts,app/org/_internal/core/DashboardClient.tsx
/api/org/[orgId],app/api/org/[orgId]/route.ts,app/components/checkin/CheckinScanner.tsx; app/org/[orgId]/analytics/AnalyticsToolClient.tsx; app/org/[orgId]/finance/FinanceToolClient.tsx; app/org/[orgId]/policies/PoliciesToolClient.tsx; app/org/_internal/core/(dashboard)/eventos/[id]/PadelTournamentTabs.tsx; app/org/_internal/core/(dashboard)/padel/PadelHubClient.tsx; app/org/_internal/core/DashboardClient.tsx
/api/org/[orgId]/servicos/[id]/addons/[addonId],app/api/org/[orgId]/servicos/[id]/addons/[addonId]/route.ts,app/org/_internal/core/(dashboard)/reservas/[id]/page.tsx
/api/org/[orgId]/servicos/[id]/addons,app/api/org/[orgId]/servicos/[id]/addons/route.ts,app/org/_internal/core/(dashboard)/reservas/[id]/page.tsx
/api/org/[orgId]/servicos/[id]/class-series/[seriesId],app/api/org/[orgId]/servicos/[id]/class-series/[seriesId]/route.ts,app/org/_internal/core/(dashboard)/reservas/[id]/page.tsx
/api/org/[orgId]/servicos/[id]/class-series,app/api/org/[orgId]/servicos/[id]/class-series/route.ts,app/org/_internal/core/(dashboard)/reservas/[id]/page.tsx
/api/org/[orgId]/servicos/[id]/class-sessions,app/api/org/[orgId]/servicos/[id]/class-sessions/route.ts,app/org/_internal/core/(dashboard)/reservas/[id]/page.tsx
/api/org/[orgId]/servicos/[id]/packages/[packageId],app/api/org/[orgId]/servicos/[id]/packages/[packageId]/route.ts,app/org/_internal/core/(dashboard)/reservas/[id]/page.tsx
/api/org/[orgId]/servicos/[id]/packages,app/api/org/[orgId]/servicos/[id]/packages/route.ts,app/org/_internal/core/(dashboard)/reservas/[id]/page.tsx
/api/org/[orgId]/servicos/[id]/packs/[packId],app/api/org/[orgId]/servicos/[id]/packs/[packId]/route.ts,app/org/_internal/core/(dashboard)/reservas/[id]/page.tsx
/api/org/[orgId]/servicos/[id]/packs,app/api/org/[orgId]/servicos/[id]/packs/route.ts,app/org/_internal/core/(dashboard)/reservas/[id]/page.tsx
/api/org/[orgId]/servicos/[id],app/api/org/[orgId]/servicos/[id]/route.ts,app/org/_internal/core/(dashboard)/reservas/[id]/page.tsx
/api/org/[orgId]/servicos,app/api/org/[orgId]/servicos/route.ts,app/org/[orgId]/calendar/_components/day/DayCalendarReadClient.tsx; app/org/_internal/core/(dashboard)/reservas/novo/page.tsx; app/org/_internal/core/(dashboard)/reservas/page.tsx; app/org/_internal/core/(dashboard)/reservas/servicos/page.tsx; app/org/_internal/core/DashboardClient.tsx
/api/org/[orgId]/store/bundles/[id]/items/[itemId],app/api/org/[orgId]/store/bundles/[id]/items/[itemId]/route.ts,components/store/StoreBundleItemsPanel.tsx
/api/org/[orgId]/store/bundles/[id]/items,app/api/org/[orgId]/store/bundles/[id]/items/route.ts,components/store/StoreBundleItemsPanel.tsx; components/store/StoreBundlesPanel.tsx
/api/org/[orgId]/store/bundles/[id],app/api/org/[orgId]/store/bundles/[id]/route.ts,components/store/StoreBundlesPanel.tsx
/api/org/[orgId]/store/bundles,app/api/org/[orgId]/store/bundles/route.ts,app/org/[orgId]/store/OrgStoreToolClient.tsx; components/store/StoreBundleItemsPanel.tsx; components/store/StoreBundlesPanel.tsx
/api/org/[orgId]/store/categories/[id],app/api/org/[orgId]/store/categories/[id]/route.ts,components/store/StoreCategoriesPanel.tsx
/api/org/[orgId]/store/categories,app/api/org/[orgId]/store/categories/route.ts,app/org/[orgId]/store/OrgStoreToolClient.tsx; components/store/StoreCategoriesPanel.tsx; components/store/StoreProductsPanel.tsx
/api/org/[orgId]/store/orders/[orderId],app/api/org/[orgId]/store/orders/[orderId]/route.ts,components/store/StoreOrdersPanel.tsx
/api/org/[orgId]/store/orders/[orderId]/shipments,app/api/org/[orgId]/store/orders/[orderId]/shipments/route.ts,components/store/StoreOrdersPanel.tsx
/api/org/[orgId]/store/orders,app/api/org/[orgId]/store/orders/route.ts,app/org/[orgId]/store/OrgStoreToolClient.tsx; components/store/StoreOrdersPanel.tsx
/api/org/[orgId]/store/overview,app/api/org/[orgId]/store/overview/route.ts,app/org/[orgId]/store/OrgStoreToolClient.tsx; components/store/StoreOverviewPanel.tsx
/api/org/[orgId]/store/preview,app/api/org/[orgId]/store/preview/route.ts,app/org/[orgId]/store/OrgStoreToolClient.tsx
/api/org/[orgId]/store/products/[id]/digital-assets/[assetId],app/api/org/[orgId]/store/products/[id]/digital-assets/[assetId]/route.ts,components/store/StoreProductDigitalAssetsPanel.tsx
/api/org/[orgId]/store/products/[id]/digital-assets,app/api/org/[orgId]/store/products/[id]/digital-assets/route.ts,components/store/StoreProductDigitalAssetsPanel.tsx; components/store/StoreProductsPanel.tsx
/api/org/[orgId]/store/products/[id]/images/[imageId],app/api/org/[orgId]/store/products/[id]/images/[imageId]/route.ts,components/store/StoreProductImagesPanel.tsx
/api/org/[orgId]/store/products/[id]/images,app/api/org/[orgId]/store/products/[id]/images/route.ts,components/store/StoreProductImagesPanel.tsx; components/store/StoreProductsPanel.tsx
/api/org/[orgId]/store/products/[id]/options/[optionId],app/api/org/[orgId]/store/products/[id]/options/[optionId]/route.ts,components/store/StoreProductOptionsPanel.tsx; components/store/StoreProductsPanel.tsx
/api/org/[orgId]/store/products/[id]/options/[optionId]/values/[valueId],app/api/org/[orgId]/store/products/[id]/options/[optionId]/values/[valueId]/route.ts,components/store/StoreProductOptionValuesPanel.tsx
/api/org/[orgId]/store/products/[id]/options/[optionId]/values,app/api/org/[orgId]/store/products/[id]/options/[optionId]/values/route.ts,components/store/StoreProductOptionValuesPanel.tsx
/api/org/[orgId]/store/products/[id]/options,app/api/org/[orgId]/store/products/[id]/options/route.ts,components/store/StoreProductOptionsPanel.tsx; components/store/StoreProductsPanel.tsx
/api/org/[orgId]/store/products/[id],app/api/org/[orgId]/store/products/[id]/route.ts,components/store/StoreProductsPanel.tsx
/api/org/[orgId]/store/products/[id]/variants/[variantId],app/api/org/[orgId]/store/products/[id]/variants/[variantId]/route.ts,components/store/StoreProductVariantsPanel.tsx; components/store/StoreProductsPanel.tsx
/api/org/[orgId]/store/products/[id]/variants,app/api/org/[orgId]/store/products/[id]/variants/route.ts,components/store/StoreBundleItemsPanel.tsx; components/store/StoreProductVariantsPanel.tsx; components/store/StoreProductsPanel.tsx
/api/org/[orgId]/store/products,app/api/org/[orgId]/store/products/route.ts,app/org/[orgId]/store/OrgStoreToolClient.tsx; components/store/StoreProductDigitalAssetsPanel.tsx; components/store/StoreProductImagesPanel.tsx; components/store/StoreProductOptionValuesPanel.tsx; components/store/StoreProductOptionsPanel.tsx; components/store/StoreProductVariantsPanel.tsx; components/store/StoreProductsPanel.tsx
/api/org/[orgId]/store,app/api/org/[orgId]/store/route.ts,app/org/[orgId]/store/OrgStoreToolClient.tsx
/api/org/[orgId]/store/shipments/[shipmentId],app/api/org/[orgId]/store/shipments/[shipmentId]/route.ts,components/store/StoreOrdersPanel.tsx
/api/org/[orgId]/store/shipping/methods/[methodId],app/api/org/[orgId]/store/shipping/methods/[methodId]/route.ts,components/store/StoreShippingMethodsPanel.tsx; components/store/StoreShippingSettingsPanel.tsx
/api/org/[orgId]/store/shipping/methods/[methodId]/tiers,app/api/org/[orgId]/store/shipping/methods/[methodId]/tiers/route.ts,components/store/StoreShippingTiersPanel.tsx
/api/org/[orgId]/store/shipping/settings,app/api/org/[orgId]/store/shipping/settings/route.ts,app/org/[orgId]/store/OrgStoreToolClient.tsx; components/store/StoreShippingSettingsPanel.tsx
/api/org/[orgId]/store/shipping/tiers/[tierId],app/api/org/[orgId]/store/shipping/tiers/[tierId]/route.ts,components/store/StoreShippingTiersPanel.tsx
/api/org/[orgId]/store/shipping/zones/[zoneId]/methods,app/api/org/[orgId]/store/shipping/zones/[zoneId]/methods/route.ts,components/store/StoreShippingMethodsPanel.tsx; components/store/StoreShippingSettingsPanel.tsx; components/store/StoreShippingTiersPanel.tsx
/api/org/[orgId]/store/shipping/zones/[zoneId],app/api/org/[orgId]/store/shipping/zones/[zoneId]/route.ts,components/store/StoreShippingSettingsPanel.tsx; components/store/StoreShippingZonesPanel.tsx
/api/org/[orgId]/store/shipping/zones,app/api/org/[orgId]/store/shipping/zones/route.ts,app/org/[orgId]/store/OrgStoreToolClient.tsx; components/store/StoreShippingMethodsPanel.tsx; components/store/StoreShippingSettingsPanel.tsx; components/store/StoreShippingTiersPanel.tsx; components/store/StoreShippingZonesPanel.tsx
/api/org/[orgId]/tournaments/blocks/bulk,app/api/org/[orgId]/tournaments/blocks/bulk/route.ts,lib/canonicalOrgUiEndpointRegistry.ts
/api/org/[orgId]/tournaments/blocks/overrides,app/api/org/[orgId]/tournaments/blocks/overrides/route.ts,lib/canonicalOrgUiEndpointRegistry.ts
/api/org/[orgId]/tournaments/create,app/api/org/[orgId]/tournaments/create/route.ts,app/org/_internal/core/(dashboard)/eventos/novo/page.tsx; app/org/_internal/core/(dashboard)/padel/torneios/novo/PadelTournamentWizardClient.tsx
/api/org/[orgId]/trainers/profile,app/api/org/[orgId]/trainers/profile/route.ts,app/org/_internal/core/(dashboard)/treinadores/page.tsx
/api/org/[orgId]/username,app/api/org/[orgId]/username/route.ts,app/org/_internal/core/(dashboard)/settings/page.tsx
/api/org/[orgId]/venues/recent,app/api/org/[orgId]/venues/recent/route.ts,lib/canonicalOrgUiEndpointRegistry.ts
/api/org-hub/groups/[groupId]/dashboard/agenda,app/api/org-hub/groups/[groupId]/dashboard/agenda/route.ts,app/org/_internal/core/organizations/GroupDashboardClient.tsx
/api/org-hub/groups/[groupId]/governance/members,app/api/org-hub/groups/[groupId]/governance/members/route.ts,app/org/_internal/core/organizations/GroupsHubClient.tsx
/api/org-hub/groups/[groupId]/governance,app/api/org-hub/groups/[groupId]/governance/route.ts,app/org/_internal/core/organizations/GroupsHubClient.tsx
/api/org-hub/groups/[groupId]/owner/transfer/cancel,app/api/org-hub/groups/[groupId]/owner/transfer/cancel/route.ts,app/org/_internal/core/organizations/GroupsHubClient.tsx
/api/org-hub/groups/[groupId]/owner/transfer/confirm,app/api/org-hub/groups/[groupId]/owner/transfer/confirm/route.ts,app/org/_internal/core/organizations/GroupsHubClient.tsx; app/org/_internal/core/organizations/OwnerTransferConfirmClient.tsx
/api/org-hub/groups/[groupId]/owner/transfer/start,app/api/org-hub/groups/[groupId]/owner/transfer/start/route.ts,app/org/_internal/core/(dashboard)/staff/page.tsx; app/org/_internal/core/organizations/GroupsHubClient.tsx
/api/org-hub/groups/exit-requests/[id]/email/confirm,app/api/org-hub/groups/exit-requests/[id]/email/confirm/route.ts,app/org/_internal/core/organizations/GroupsHubClient.tsx; app/org/_internal/core/organizations/RequestEmailConfirmClient.tsx
/api/org-hub/groups/exit-requests/[id]/email/resend,app/api/org-hub/groups/exit-requests/[id]/email/resend/route.ts,app/org/_internal/core/organizations/GroupsHubClient.tsx
/api/org-hub/groups/exit-requests/[id]/generate-code,app/api/org-hub/groups/exit-requests/[id]/generate-code/route.ts,app/org/_internal/core/organizations/GroupsHubClient.tsx
/api/org-hub/groups/exit-requests/[id]/verify-codes,app/api/org-hub/groups/exit-requests/[id]/verify-codes/route.ts,app/org/_internal/core/organizations/GroupsHubClient.tsx
/api/org-hub/groups/exit-requests,app/api/org-hub/groups/exit-requests/route.ts,app/org/_internal/core/organizations/GroupsHubClient.tsx
/api/org-hub/groups/join-requests/[id]/email/confirm,app/api/org-hub/groups/join-requests/[id]/email/confirm/route.ts,app/org/_internal/core/organizations/GroupsHubClient.tsx; app/org/_internal/core/organizations/RequestEmailConfirmClient.tsx
/api/org-hub/groups/join-requests/[id]/email/resend,app/api/org-hub/groups/join-requests/[id]/email/resend/route.ts,app/org/_internal/core/organizations/GroupsHubClient.tsx
/api/org-hub/groups/join-requests/[id]/generate-code,app/api/org-hub/groups/join-requests/[id]/generate-code/route.ts,app/org/_internal/core/organizations/GroupsHubClient.tsx
/api/org-hub/groups/join-requests/[id]/verify-codes,app/api/org-hub/groups/join-requests/[id]/verify-codes/route.ts,app/org/_internal/core/organizations/GroupsHubClient.tsx
/api/org-hub/groups/join-requests,app/api/org-hub/groups/join-requests/route.ts,app/org/_internal/core/organizations/GroupsHubClient.tsx
/api/org-hub/invites,app/api/org-hub/invites/route.ts,app/convites/organizacoes/OrganizationInvitesClient.tsx; apps/mobile/features/notifications/api.ts
/api/org-hub/organizations/[id],app/api/org-hub/organizations/[id]/route.ts,app/org/_internal/core/(dashboard)/settings/page.tsx
/api/org-hub/organizations/[id]/suspend,app/api/org-hub/organizations/[id]/suspend/route.ts,app/org/_internal/core/(dashboard)/settings/page.tsx; app/org/_internal/core/DashboardClient.tsx; app/org/_internal/core/OrganizationDashboardShell.tsx
/api/org-hub/organizations/leave,app/api/org-hub/organizations/leave/route.ts,app/org/_internal/core/(dashboard)/staff/page.tsx
/api/org-hub/organizations/members/invites,app/api/org-hub/organizations/members/invites/route.ts,app/convites/organizacoes/OrganizationInvitesClient.tsx; app/org/_internal/core/(dashboard)/staff/page.tsx; app/social/page.tsx; apps/mobile/features/notifications/api.ts
/api/org-hub/organizations/members/permissions,app/api/org-hub/organizations/members/permissions/route.ts,app/org/_internal/core/(dashboard)/staff/page.tsx
/api/org-hub/organizations/members,app/api/org-hub/organizations/members/route.ts,app/org/_components/subnav/TeamSubnav.tsx; app/org/_internal/core/(dashboard)/chat/ChatInternoV2Client.tsx; app/org/_internal/core/(dashboard)/chat/preview/useChatPreviewData.ts; app/org/_internal/core/(dashboard)/padel/PadelHubClient.tsx; app/org/_internal/core/(dashboard)/reservas/profissionais/page.tsx; app/org/_internal/core/(dashboard)/staff/page.tsx; app/org/_internal/core/DashboardClient.tsx; app/org/_internal/core/promo/PromoCodesClient.tsx
/api/org-hub/organizations,app/api/org-hub/organizations/route.ts,app/me/page.tsx; components/organization/BecomeOrganizationForm.tsx; lib/canonicalOrgUiEndpointRegistry.ts
/api/org-hub/organizations/settings/official-email/confirm,app/api/org-hub/organizations/settings/official-email/confirm/route.ts,app/org/_internal/core/(dashboard)/settings/verify/page.tsx
/api/org-hub/organizations/settings/official-email,app/api/org-hub/organizations/settings/official-email/route.ts,app/org/_internal/core/(dashboard)/settings/page.tsx
/api/org-hub/organizations/switch,app/api/org-hub/organizations/switch/route.ts,app/convites/organizacoes/OrganizationInvitesClient.tsx; app/org/_internal/core/OrganizationDashboardShell.tsx; app/org/_internal/core/OrganizationTopBar.tsx; app/org/_internal/core/organizations/OrganizationsHubClient.tsx; components/organization/BecomeOrganizationForm.tsx
/api/org-hub,app/api/org-hub/route.ts,lib/canonicalOrgApiPath.ts
/api/org-system/payouts/webhook,app/api/org-system/payouts/webhook/route.ts,
/api/organizations/search,app/api/organizations/search/route.ts,app/components/Navbar.tsx; app/social/page.tsx; apps/mobile/features/search/api.ts
/api/padel/calendar/auto-schedule,app/api/padel/calendar/auto-schedule/route.ts,app/org/_internal/core/(dashboard)/padel/PadelHubClient.tsx
/api/padel/calendar/auto-schedule/runs/[runId],app/api/padel/calendar/auto-schedule/runs/[runId]/route.ts,app/org/_internal/core/(dashboard)/padel/PadelHubClient.tsx
/api/padel/calendar/auto-schedule/undo,app/api/padel/calendar/auto-schedule/undo/route.ts,app/org/_internal/core/(dashboard)/padel/PadelHubClient.tsx
/api/padel/calendar/claims/commit,app/api/padel/calendar/claims/commit/route.ts,app/org/_internal/core/(dashboard)/padel/parcerias/[agreementId]/PartnershipWorkspaceClient.tsx
/api/padel/calendar/matches/bulk-reschedule,app/api/padel/calendar/matches/bulk-reschedule/route.ts,app/org/_internal/core/(dashboard)/padel/PadelHubClient.tsx
/api/padel/calendar/preflight-mismatch,app/api/padel/calendar/preflight-mismatch/route.ts,app/org/_internal/core/(dashboard)/padel/PadelHubClient.tsx
/api/padel/calendar,app/api/padel/calendar/route.ts,app/org/_internal/core/(dashboard)/padel/PadelHubClient.tsx
/api/padel/categories/my,app/api/padel/categories/my/route.ts,app/org/_internal/core/(dashboard)/eventos/EventEditClient.tsx; app/org/_internal/core/(dashboard)/eventos/novo/page.tsx; app/org/_internal/core/(dashboard)/padel/PadelHubClient.tsx; app/org/_internal/core/(dashboard)/padel/torneios/novo/PadelTournamentWizardClient.tsx
/api/padel/clubs/[id]/courts,app/api/padel/clubs/[id]/courts/route.ts,app/org/_internal/core/(dashboard)/eventos/novo/page.tsx; app/org/_internal/core/(dashboard)/padel/PadelHubClient.tsx; app/org/_internal/core/(dashboard)/padel/torneios/novo/PadelTournamentWizardClient.tsx; app/org/_internal/core/(dashboard)/reservas/[id]/page.tsx; app/org/_internal/core/(dashboard)/reservas/page.tsx
/api/padel/clubs/[id]/staff/invites,app/api/padel/clubs/[id]/staff/invites/route.ts,app/convites/organizacoes/OrganizationInvitesClient.tsx; app/org/_internal/core/(dashboard)/padel/PadelHubClient.tsx; app/social/page.tsx; apps/mobile/features/notifications/api.ts
/api/padel/clubs/[id]/staff,app/api/padel/clubs/[id]/staff/route.ts,app/org/_internal/core/(dashboard)/eventos/novo/page.tsx; app/org/_internal/core/(dashboard)/padel/PadelHubClient.tsx; app/org/_internal/core/(dashboard)/padel/torneios/novo/PadelTournamentWizardClient.tsx
/api/padel/clubs,app/api/padel/clubs/route.ts,app/org/_internal/core/(dashboard)/eventos/novo/page.tsx; app/org/_internal/core/(dashboard)/padel/PadelHubClient.tsx; app/org/_internal/core/(dashboard)/padel/PadelHubSection.tsx; app/org/_internal/core/(dashboard)/padel/torneios/novo/PadelTournamentWizardClient.tsx; app/org/_internal/core/(dashboard)/reservas/[id]/page.tsx; app/org/_internal/core/(dashboard)/reservas/page.tsx
/api/padel/discover,app/api/padel/discover/route.ts,apps/mobile/features/tournaments/api.ts
/api/padel/event-categories,app/api/padel/event-categories/route.ts,app/org/_internal/core/(dashboard)/eventos/EventEditClient.tsx; app/org/_internal/core/(dashboard)/eventos/[id]/PadelTournamentTabs.tsx; app/org/_internal/core/(dashboard)/padel/PadelHubClient.tsx
/api/padel/formats/plan,app/api/padel/formats/plan/route.ts,app/org/_internal/core/(dashboard)/eventos/[id]/PadelTournamentTabs.tsx; app/org/_internal/core/(dashboard)/padel/PadelHubClient.tsx; app/org/_internal/core/(dashboard)/padel/torneios/novo/PadelTournamentWizardClient.tsx
/api/padel/matches/[id]/dispute,app/api/padel/matches/[id]/dispute/route.ts,app/[username]/padel/PadelDisputeButton.tsx; app/org/_internal/core/(dashboard)/eventos/[id]/PadelTournamentTabs.tsx; app/org/_internal/core/(dashboard)/padel/PadelHubClient.tsx
/api/padel/matches/[id]/result/confirm,app/api/padel/matches/[id]/result/confirm/route.ts,app/org/_internal/core/(dashboard)/padel/PadelHubClient.tsx
/api/padel/matches/[id]/result/override,app/api/padel/matches/[id]/result/override/route.ts,app/org/_internal/core/(dashboard)/eventos/[id]/PadelTournamentTabs.tsx
/api/padel/matches/[id]/result/reject,app/api/padel/matches/[id]/result/reject/route.ts,app/org/_internal/core/(dashboard)/padel/PadelHubClient.tsx
/api/padel/matches/[id]/result/reset-pending,app/api/padel/matches/[id]/result/reset-pending/route.ts,app/org/_internal/core/(dashboard)/padel/PadelHubClient.tsx
/api/padel/matches/[id]/result/submit,app/api/padel/matches/[id]/result/submit/route.ts,app/[username]/padel/PadelResultSubmitCard.tsx; app/org/_internal/core/(dashboard)/eventos/[id]/PadelTournamentTabs.tsx
/api/padel/matches/[id]/walkover,app/api/padel/matches/[id]/walkover/route.ts,app/org/_internal/core/(dashboard)/eventos/[id]/PadelTournamentTabs.tsx
/api/padel/matches/assign,app/api/padel/matches/assign/route.ts,app/org/_internal/core/(dashboard)/eventos/[id]/PadelTournamentTabs.tsx
/api/padel/matches/generate,app/api/padel/matches/generate/route.ts,app/org/_internal/core/(dashboard)/eventos/[id]/PadelTournamentTabs.tsx; app/org/_internal/core/(dashboard)/padel/PadelHubClient.tsx
/api/padel/matches,app/api/padel/matches/route.ts,app/org/_internal/core/(dashboard)/eventos/[id]/PadelTournamentTabs.tsx; app/org/_internal/core/(dashboard)/padel/PadelHubClient.tsx; apps/mobile/features/tournaments/api.ts
/api/padel/me/history,app/api/padel/me/history/route.ts,app/me/page.tsx; apps/mobile/features/tournaments/api.ts
/api/padel/me/matches,app/api/padel/me/matches/route.ts,app/me/page.tsx; apps/mobile/features/tournaments/api.ts
/api/padel/me/summary,app/api/padel/me/summary/route.ts,app/me/page.tsx; apps/mobile/features/tournaments/api.ts
/api/padel/onboarding,app/api/padel/onboarding/route.ts,app/me/page.tsx; app/onboarding/padel/page.tsx; apps/mobile/features/onboarding/api.ts
/api/padel/ops/summary,app/api/padel/ops/summary/route.ts,app/org/_internal/core/(dashboard)/padel/PadelHubClient.tsx
/api/padel/pairings/[id]/accept,app/api/padel/pairings/[id]/accept/route.ts,apps/mobile/features/tournaments/api.ts
/api/padel/pairings/[id]/checkout,app/api/padel/pairings/[id]/checkout/route.ts,apps/mobile/features/checkout/api.ts
/api/padel/pairings/[id]/decline,app/api/padel/pairings/[id]/decline/route.ts,apps/mobile/features/tournaments/api.ts
/api/padel/pairings/claim/[token],app/api/padel/pairings/claim/[token]/route.ts,app/eventos/[slug]/EventPageClient.tsx
/api/padel/pairings/invite-status,app/api/padel/pairings/invite-status/route.ts,app/components/notifications/PairingInviteCard.tsx; app/me/bilhetes/[id]/TicketDetailClient.tsx
/api/padel/pairings/open,app/api/padel/pairings/open/route.ts,app/descobrir/_explorar/ExplorarContent.tsx; apps/mobile/features/tournaments/api.ts
/api/padel/pairings,app/api/padel/pairings/route.ts,app/components/checkout/Step1Bilhete.tsx; app/eventos/[slug]/EventPageClient.tsx; app/eventos/[slug]/PadelSignupInline.tsx; app/org/_internal/core/(dashboard)/eventos/[id]/PadelTournamentTabs.tsx; apps/mobile/features/tournaments/api.ts
/api/padel/partnerships/agreements/[id]/approve,app/api/padel/partnerships/agreements/[id]/approve/route.ts,app/org/_internal/core/(dashboard)/padel/parcerias/[agreementId]/PartnershipWorkspaceClient.tsx
/api/padel/partnerships/agreements/[id]/grants,app/api/padel/partnerships/agreements/[id]/grants/route.ts,app/org/_internal/core/(dashboard)/padel/parcerias/[agreementId]/PartnershipWorkspaceClient.tsx
/api/padel/partnerships/agreements/[id]/pause,app/api/padel/partnerships/agreements/[id]/pause/route.ts,app/org/_internal/core/(dashboard)/padel/parcerias/[agreementId]/PartnershipWorkspaceClient.tsx
/api/padel/partnerships/agreements/[id]/revoke,app/api/padel/partnerships/agreements/[id]/revoke/route.ts,app/org/_internal/core/(dashboard)/padel/parcerias/[agreementId]/PartnershipWorkspaceClient.tsx
/api/padel/partnerships/agreements/[id]/windows,app/api/padel/partnerships/agreements/[id]/windows/route.ts,app/org/_internal/core/(dashboard)/padel/parcerias/[agreementId]/PartnershipWorkspaceClient.tsx
/api/padel/partnerships/agreements,app/api/padel/partnerships/agreements/route.ts,app/org/_internal/core/(dashboard)/padel/parcerias/PartnershipsPageClient.tsx
/api/padel/partnerships/compensation-cases,app/api/padel/partnerships/compensation-cases/route.ts,app/org/_internal/core/(dashboard)/padel/parcerias/[agreementId]/PartnershipWorkspaceClient.tsx
/api/padel/partnerships/organizations,app/api/padel/partnerships/organizations/route.ts,app/org/_internal/core/(dashboard)/padel/parcerias/PartnershipsPageClient.tsx
/api/padel/partnerships/overrides/[id]/execute,app/api/padel/partnerships/overrides/[id]/execute/route.ts,app/org/_internal/core/(dashboard)/padel/parcerias/[agreementId]/PartnershipWorkspaceClient.tsx
/api/padel/partnerships/overrides,app/api/padel/partnerships/overrides/route.ts,app/org/_internal/core/(dashboard)/padel/parcerias/[agreementId]/PartnershipWorkspaceClient.tsx
/api/padel/partnerships/tournament-requests/[id]/approve,app/api/padel/partnerships/tournament-requests/[id]/approve/route.ts,app/org/_internal/core/(dashboard)/padel/parcerias/PartnershipsPageClient.tsx
/api/padel/partnerships/tournament-requests/[id]/reject,app/api/padel/partnerships/tournament-requests/[id]/reject/route.ts,app/org/_internal/core/(dashboard)/padel/parcerias/PartnershipsPageClient.tsx
/api/padel/partnerships/tournament-requests,app/api/padel/partnerships/tournament-requests/route.ts,app/org/_internal/core/(dashboard)/padel/parcerias/PartnershipsPageClient.tsx
/api/padel/partnerships/workspace/[id]/calendar,app/api/padel/partnerships/workspace/[id]/calendar/route.ts,app/org/_internal/core/(dashboard)/padel/parcerias/[agreementId]/PartnershipWorkspaceClient.tsx
/api/padel/players,app/api/padel/players/route.ts,app/org/_internal/core/(dashboard)/padel/PadelHubSection.tsx
/api/padel/public/clubs,app/api/padel/public/clubs/route.ts,app/org/_internal/core/(dashboard)/eventos/novo/page.tsx
/api/padel/public/live,app/api/padel/public/live/route.ts,app/eventos/[slug]/PadelMatchesByCategoryClient.tsx; app/eventos/[slug]/monitor/MonitorClient.tsx
/api/padel/public/open-pairings,app/api/padel/public/open-pairings/route.ts,app/padel/duplas/PadelOpenPairingsClient.tsx; apps/mobile/features/tournaments/api.ts
/api/padel/rankings,app/api/padel/rankings/route.ts,app/padel/rankings/PadelRankingsClient.tsx
/api/padel/rounds/advance,app/api/padel/rounds/advance/route.ts,app/org/_internal/core/(dashboard)/padel/PadelHubClient.tsx
/api/padel/rulesets,app/api/padel/rulesets/route.ts,app/org/_internal/core/(dashboard)/eventos/[id]/PadelTournamentTabs.tsx; app/org/_internal/core/(dashboard)/eventos/novo/page.tsx; app/org/_internal/core/(dashboard)/padel/torneios/novo/PadelTournamentWizardClient.tsx
/api/padel/standings,app/api/padel/standings/route.ts,app/org/_internal/core/(dashboard)/eventos/[id]/PadelTournamentTabs.tsx; apps/mobile/features/tournaments/api.ts
/api/padel/teams/[id]/invites,app/api/padel/teams/[id]/invites/route.ts,app/convites/organizacoes/OrganizationInvitesClient.tsx; app/social/page.tsx; apps/mobile/features/notifications/api.ts
/api/padel/teams/entries,app/api/padel/teams/entries/route.ts,app/org/_internal/core/(dashboard)/padel/PadelHubClient.tsx
/api/padel/teams,app/api/padel/teams/route.ts,app/org/_internal/core/(dashboard)/padel/PadelHubClient.tsx
/api/padel/tournaments/config,app/api/padel/tournaments/config/route.ts,app/org/_internal/core/(dashboard)/eventos/[id]/PadelTournamentTabs.tsx; app/org/_internal/core/(dashboard)/padel/PadelHubClient.tsx
/api/padel/tournaments/lifecycle,app/api/padel/tournaments/lifecycle/route.ts,app/org/_internal/core/(dashboard)/eventos/[id]/PadelTournamentLifecyclePanel.tsx
/api/padel/tournaments/roles,app/api/padel/tournaments/roles/route.ts,app/org/_internal/core/(dashboard)/eventos/[id]/PadelTournamentRolesPanel.tsx
/api/padel/tournaments/seeds,app/api/padel/tournaments/seeds/route.ts,app/org/_internal/core/(dashboard)/eventos/[id]/PadelTournamentTabs.tsx
/api/payments/intent,app/api/payments/intent/route.ts,app/components/checkout/Step2Pagamento.tsx; apps/mobile/features/checkout/api.ts
/api/platform/fees,app/api/platform/fees/route.ts,app/admin/(protected)/finance/page.tsx
/api/profiles/check-username,app/api/profiles/check-username/route.ts,apps/mobile/features/onboarding/api.ts
/api/profiles/save-basic,app/api/profiles/save-basic/route.ts,app/components/autenticação/AuthModal.tsx; app/components/profile/ProfileHeader.tsx; app/onboarding/perfil/page.tsx; apps/mobile/features/onboarding/api.ts; apps/mobile/features/profile/api.ts
/api/public/agenda,app/api/public/agenda/route.ts,apps/mobile/features/profile/api.ts
/api/public/profile/events,app/api/public/profile/events/route.ts,apps/mobile/features/profile/api.ts
/api/public/profile,app/api/public/profile/route.ts,apps/mobile/features/profile/api.ts
/api/public/store/bundles,app/api/public/store/bundles/route.ts,apps/mobile/features/store/api.ts
/api/public/store/cart/bundles/[bundleKey],app/api/public/store/cart/bundles/[bundleKey]/route.ts,apps/mobile/features/store/api.ts; components/storefront/StorefrontCartClient.tsx; components/storefront/StorefrontCartOverlay.tsx
/api/public/store/cart/bundles,app/api/public/store/cart/bundles/route.ts,apps/mobile/features/store/api.ts; components/storefront/StorefrontBundleCard.tsx
/api/public/store/cart/items/[itemId],app/api/public/store/cart/items/[itemId]/route.ts,apps/mobile/features/store/api.ts; components/storefront/StorefrontCartClient.tsx; components/storefront/StorefrontCartOverlay.tsx
/api/public/store/cart/items,app/api/public/store/cart/items/route.ts,apps/mobile/features/store/api.ts; components/storefront/StorefrontCartOverlay.tsx; components/storefront/StorefrontProductClient.tsx
/api/public/store/cart,app/api/public/store/cart/route.ts,apps/mobile/features/store/api.ts; components/storefront/StorefrontCartClient.tsx; components/storefront/StorefrontCartOverlay.tsx; components/storefront/StorefrontCheckoutClient.tsx
/api/public/store/catalog,app/api/public/store/catalog/route.ts,apps/mobile/features/store/api.ts
/api/public/store/checkout/prefill,app/api/public/store/checkout/prefill/route.ts,apps/mobile/features/store/api.ts; components/storefront/StorefrontCheckoutClient.tsx
/api/public/store/checkout,app/api/public/store/checkout/route.ts,apps/mobile/features/store/api.ts; components/storefront/StorefrontCheckoutClient.tsx
/api/public/store/digital/download,app/api/public/store/digital/download/route.ts,app/me/compras/loja/page.tsx; apps/mobile/features/store/api.ts; components/storefront/StorefrontDownloadsClient.tsx
/api/public/store/digital/grants,app/api/public/store/digital/grants/route.ts,app/me/compras/loja/page.tsx; components/storefront/StorefrontDownloadsClient.tsx
/api/public/store/digital/lookup,app/api/public/store/digital/lookup/route.ts,components/storefront/StorefrontDownloadsClient.tsx
/api/public/store/orders/invoice,app/api/public/store/orders/invoice/route.ts,app/loja/seguimento/page.tsx
/api/public/store/orders/lookup,app/api/public/store/orders/lookup/route.ts,app/loja/seguimento/page.tsx
/api/public/store/orders/receipt,app/api/public/store/orders/receipt/route.ts,app/loja/seguimento/page.tsx
/api/public/store/product,app/api/public/store/product/route.ts,apps/mobile/features/store/api.ts
/api/public/store/recommendations,app/api/public/store/recommendations/route.ts,components/storefront/StorefrontCartClient.tsx; components/storefront/StorefrontCartOverlay.tsx
/api/public/store/shipping/methods,app/api/public/store/shipping/methods/route.ts,apps/mobile/features/store/api.ts; components/storefront/StorefrontCheckoutClient.tsx
/api/public/store/shipping/quote,app/api/public/store/shipping/quote/route.ts,apps/mobile/features/store/api.ts
/api/qr/[token],app/api/qr/[token]/route.ts,app/components/tickets/TicketCard.tsx; app/components/tickets/TicketDynamicQr.tsx; app/components/tickets/TicketQrBox.tsx
/api/search,app/api/search/route.ts,lib/globalSearch.ts
/api/servicos/[id]/calendario,app/api/servicos/[id]/calendario/route.ts,app/[username]/_components/ReservasBookingClient.tsx; app/me/reservas/page.tsx; apps/mobile/app/service/[id]/booking.tsx
/api/servicos/[id]/checkout,app/api/servicos/[id]/checkout/route.ts,app/[username]/_components/ReservasBookingClient.tsx; apps/mobile/app/checkout/index.tsx
/api/servicos/[id]/reservar,app/api/servicos/[id]/reservar/route.ts,app/[username]/_components/ReservasBookingClient.tsx; apps/mobile/app/service/[id]/booking.tsx
/api/servicos/[id],app/api/servicos/[id]/route.ts,apps/mobile/features/services/api.ts
/api/servicos/list,app/api/servicos/list/route.ts,app/descobrir/_explorar/ExplorarContent.tsx; app/servicos/page.tsx; apps/mobile/__tests__/discover-pagination.contract.test.ts; apps/mobile/features/discover/api.ts
/api/social/feed,app/api/social/feed/route.ts,apps/mobile/features/social/api.ts
/api/social/follow,app/api/social/follow/route.ts,app/[username]/FollowClient.tsx; app/components/Navbar.tsx; app/rede/page.tsx; app/social/page.tsx; apps/mobile/features/network/api.ts
/api/social/follow-organization,app/api/social/follow-organization/route.ts,app/components/Navbar.tsx; app/components/profile/OrganizationFollowClient.tsx; app/social/page.tsx; apps/mobile/features/network/api.ts
/api/social/follow-requests/accept,app/api/social/follow-requests/accept/route.ts,app/social/page.tsx; apps/mobile/features/network/api.ts
/api/social/follow-requests/cancel,app/api/social/follow-requests/cancel/route.ts,app/[username]/FollowClient.tsx; app/components/Navbar.tsx; app/social/page.tsx
/api/social/follow-requests/decline,app/api/social/follow-requests/decline/route.ts,app/social/page.tsx; apps/mobile/features/network/api.ts
/api/social/follow-requests,app/api/social/follow-requests/route.ts,app/social/page.tsx; apps/mobile/features/network/api.ts
/api/social/follow-status,app/api/social/follow-status/route.ts,app/[username]/FollowClient.tsx
/api/social/followers,app/api/social/followers/route.ts,apps/mobile/features/network/followLists.ts
/api/social/following,app/api/social/following/route.ts,app/components/home/HomePersonalized.tsx; apps/mobile/features/network/followLists.ts
/api/social/organization-follow-status,app/api/social/organization-follow-status/route.ts,app/components/profile/OrganizationFollowClient.tsx
/api/social/organization-followers,app/api/social/organization-followers/route.ts,app/components/profile/OrganizationProfileHeader.tsx; apps/mobile/features/network/followLists.ts
/api/social/suggestions,app/api/social/suggestions/route.ts,app/rede/page.tsx; app/social/page.tsx; apps/mobile/features/network/api.ts
/api/social/unfollow,app/api/social/unfollow/route.ts,app/[username]/FollowClient.tsx; app/components/Navbar.tsx; app/rede/page.tsx; app/social/page.tsx; apps/mobile/features/network/api.ts
/api/social/unfollow-organization,app/api/social/unfollow-organization/route.ts,app/components/Navbar.tsx; app/components/profile/OrganizationFollowClient.tsx; app/social/page.tsx; apps/mobile/features/network/api.ts
/api/stripe/webhook,app/api/stripe/webhook/route.ts,
/api/support/tickets,app/api/support/tickets/route.ts,app/suporte/page.tsx
/api/tickets/resale/cancel,app/api/tickets/resale/cancel/route.ts,apps/mobile/app/wallet/[entitlementId].tsx
/api/tickets/resale/list,app/api/tickets/resale/list/route.ts,apps/mobile/app/wallet/[entitlementId].tsx
/api/upload/delete,app/api/upload/delete/route.ts,
/api/upload,app/api/upload/route.ts,app/components/profile/ProfileHeader.tsx; app/org/_internal/core/(dashboard)/eventos/EventEditClient.tsx; app/org/_internal/core/(dashboard)/eventos/[id]/PadelTournamentTabs.tsx; app/org/_internal/core/(dashboard)/eventos/_components/EventCoverLibraryPicker.tsx; app/org/_internal/core/(dashboard)/eventos/novo/page.tsx; app/org/_internal/core/(dashboard)/reservas/[id]/page.tsx; app/org/_internal/core/(dashboard)/settings/page.tsx; app/org/_internal/core/(dashboard)/treinadores/page.tsx; components/store/StoreProductImagesPanel.tsx; components/store/StoreProductsPanel.tsx
/api/username/check,app/api/username/check/route.ts,app/components/autenticação/AuthModal.tsx; app/components/checkout/AuthWall.tsx; app/onboarding/perfil/page.tsx; components/organization/BecomeOrganizationForm.tsx
/api/users/search,app/api/users/search/route.ts,app/components/Navbar.tsx; app/components/checkout/Step1Bilhete.tsx; app/social/page.tsx; apps/mobile/features/search/api.ts
/api/webhooks/stripe,app/api/webhooks/stripe/route.ts,
